[NX v22.0.2 Daemon Server] - 2025-11-07T19:03:58.645Z - Started listening on: /tmp/9e6528910863bfa2e66d/d.sock
[NX v22.0.2 Daemon Server] - 2025-11-07T19:03:58.652Z - [WATCHER]: Subscribed to changes within: /home/saint/Documents/Sematica (native)
[NX v22.0.2 Daemon Server] - 2025-11-07T19:03:58.659Z - Established a connection. Number of open connections: 1
[NX v22.0.2 Daemon Server] - 2025-11-07T19:03:58.667Z - Closed a connection. Number of open connections: 0
[NX v22.0.2 Daemon Server] - 2025-11-07T19:03:58.707Z - Established a connection. Number of open connections: 1
[NX v22.0.2 Daemon Server] - 2025-11-07T19:03:58.709Z - Closed a connection. Number of open connections: 0
[NX v22.0.2 Daemon Server] - 2025-11-07T19:03:58.712Z - Established a connection. Number of open connections: 1
[NX v22.0.2 Daemon Server] - 2025-11-07T19:03:58.719Z - [REQUEST]: Client Request for Project Graph Received
Time for 'plugin worker 8868 code loading' 17.237482
Time for 'plugin worker 8870 code loading' 14.857242
Time for 'plugin worker 8876 code loading' 14.45006
Time for 'plugin worker 8869 code loading' 17.150960999999995
[NX v22.0.2 Daemon Server] - 2025-11-07T19:03:59.589Z - Time taken for 'Load Nx Plugin: /home/saint/Documents/Sematica/node_modules/nx/src/plugins/package-json' 863.4141190000001ms
[NX v22.0.2 Daemon Server] - 2025-11-07T19:03:59.744Z - Time taken for 'Load Nx Plugin: /home/saint/Documents/Sematica/node_modules/nx/src/plugins/project-json/build-nodes/project-json' 1018.6592370000001ms
[NX v22.0.2 Daemon Server] - 2025-11-07T19:03:59.751Z - Time taken for 'loadDefaultNxPlugins' 1026.833067ms
[NX v22.0.2 Daemon Server] - 2025-11-07T19:03:59.982Z - [REQUEST]: Updated workspace context based on watched changes, recomputing project graph...
[NX v22.0.2 Daemon Server] - 2025-11-07T19:03:59.982Z - [REQUEST]: 
[NX v22.0.2 Daemon Server] - 2025-11-07T19:03:59.982Z - [REQUEST]: 
[NX v22.0.2 Daemon Server] - 2025-11-07T19:03:59.986Z - No files changed, but no in-memory cached project graph found. Recomputing it...
[NX v22.0.2 Daemon Server] - 2025-11-07T19:04:00.000Z - Time taken for 'loadSpecifiedNxPlugins' 1260.319697ms
Time for 'nx/core/project-json:createNodes' 0.6091169999999693
Time for 'nx/core/package-json:createNodes' 12.337868999999955
Time for 'nx/js/dependencies-and-lockfile:createNodes' 24.41567800000007
Time for '@nx/js/typescript:createNodes' 704.417936
[NX v22.0.2 Daemon Server] - 2025-11-07T19:04:00.776Z - Time taken for 'build-project-configs' 718.2298569999998ms
[NX v22.0.2 Daemon Server] - 2025-11-07T19:04:00.779Z - Time taken for '@nx/js/typescript:createDependencies' 6.766250000000127ms
Time for 'build typescript dependencies' 0.6864929999997003
[NX v22.0.2 Daemon Server] - 2025-11-07T19:04:00.851Z - [SYNC]: collect registered sync generators
[NX v22.0.2 Daemon Server] - 2025-11-07T19:04:00.856Z - Wrote project graph cache to /home/saint/Documents/Sematica/.nx/workspace-data/project-graph.json
[NX v22.0.2 Daemon Server] - 2025-11-07T19:04:00.858Z - [REQUEST]: Responding to the client. project-graph
[NX v22.0.2 Daemon Server] - 2025-11-07T19:04:00.859Z - Done responding to the client project-graph
[NX v22.0.2 Daemon Server] - 2025-11-07T19:04:00.859Z - Handled json message REQUEST_PROJECT_GRAPH. Handling time: 2139. Response time: 2.
[NX v22.0.2 Daemon Server] - 2025-11-07T19:04:00.859Z - Time taken for 'total for creating and serializing project graph' 2138.728366ms
[NX v22.0.2 Daemon Server] - 2025-11-07T19:04:00.867Z - [REQUEST]: Responding to the client. handleContextFileData
[NX v22.0.2 Daemon Server] - 2025-11-07T19:04:00.867Z - Done responding to the client handleContextFileData
[NX v22.0.2 Daemon Server] - 2025-11-07T19:04:00.867Z - Handled json message GET_CONTEXT_FILE_DATA. Handling time: 1. Response time: 0.
[NX v22.0.2 Daemon Server] - 2025-11-07T19:04:00.870Z - Closed a connection. Number of open connections: 0
[NX v22.0.2 Daemon Server] - 2025-11-07T19:04:01.711Z - Established a connection. Number of open connections: 1
[NX v22.0.2 Daemon Server] - 2025-11-07T19:04:01.722Z - Closed a connection. Number of open connections: 0
[NX v22.0.2 Daemon Server] - 2025-11-07T19:04:01.740Z - Established a connection. Number of open connections: 1
[NX v22.0.2 Daemon Server] - 2025-11-07T19:04:01.746Z - Established a connection. Number of open connections: 2
[NX v22.0.2 Daemon Server] - 2025-11-07T19:04:01.762Z - Closed a connection. Number of open connections: 1
[NX v22.0.2 Daemon Server] - 2025-11-07T19:04:01.763Z - [REQUEST]: Client Request for Project Graph Received
[NX v22.0.2 Daemon Server] - 2025-11-07T19:04:01.771Z - Reusing in-memory cached project graph because no files changed.
[NX v22.0.2 Daemon Server] - 2025-11-07T19:04:01.797Z - Wrote project graph cache to /home/saint/Documents/Sematica/.nx/workspace-data/project-graph.json
[NX v22.0.2 Daemon Server] - 2025-11-07T19:04:01.797Z - [REQUEST]: Responding to the client. project-graph
[NX v22.0.2 Daemon Server] - 2025-11-07T19:04:01.810Z - Done responding to the client project-graph
[NX v22.0.2 Daemon Server] - 2025-11-07T19:04:01.810Z - Handled json message REQUEST_PROJECT_GRAPH. Handling time: 34. Response time: 13.
[NX v22.0.2 Daemon Server] - 2025-11-07T19:04:01.810Z - Time taken for 'total for creating and serializing project graph' 33.85197199999993ms
[NX v22.0.2 Daemon Server] - 2025-11-07T19:04:01.856Z - [REQUEST]: Client Request for Project Graph Received
[NX v22.0.2 Daemon Server] - 2025-11-07T19:04:01.857Z - Reusing in-memory cached project graph because no files changed.
[NX v22.0.2 Daemon Server] - 2025-11-07T19:04:01.883Z - Wrote project graph cache to /home/saint/Documents/Sematica/.nx/workspace-data/project-graph.json
[NX v22.0.2 Daemon Server] - 2025-11-07T19:04:01.885Z - [REQUEST]: Responding to the client. project-graph
[NX v22.0.2 Daemon Server] - 2025-11-07T19:04:01.886Z - Done responding to the client project-graph
[NX v22.0.2 Daemon Server] - 2025-11-07T19:04:01.889Z - Handled json message REQUEST_PROJECT_GRAPH. Handling time: 29. Response time: 4.
[NX v22.0.2 Daemon Server] - 2025-11-07T19:04:01.895Z - Time taken for 'total for creating and serializing project graph' 28.67636599999969ms
[NX v22.0.2 Daemon Server] - 2025-11-07T19:04:01.900Z - Established a connection. Number of open connections: 2
[NX v22.0.2 Daemon Server] - 2025-11-07T19:04:02.754Z - [WATCHER]: Processing file changes in outputs
[NX v22.0.2 Daemon Server] - 2025-11-07T19:04:04.936Z - [WATCHER]: Processing file changes in outputs
[NX v22.0.2 Daemon Server] - 2025-11-07T19:04:05.347Z - [WATCHER]: Processing file changes in outputs
[NX v22.0.2 Daemon Server] - 2025-11-07T19:04:05.531Z - [WATCHER]: Processing file changes in outputs
[NX v22.0.2 Daemon Server] - 2025-11-07T19:13:49.588Z - Closed a connection. Number of open connections: 1
[NX v22.0.2 Daemon Server] - 2025-11-07T19:13:49.588Z - Closed a connection. Number of open connections: 0
[NX v22.0.2 Daemon Server] - 2025-11-07T19:13:49.588Z - [WATCHER]: Stopping the watcher for /home/saint/Documents/Sematica (sources)
[NX v22.0.2 Daemon Server] - 2025-11-07T19:13:49.588Z - [WATCHER]: Stopping the watcher for /home/saint/Documents/Sematica (outputs)
[NX v22.0.2 Daemon Server] - 2025-11-07T19:13:49.589Z - Server stopped because: "NX_VERSION_CHANGED"
[NX v22.0.2 Daemon Server] - 2025-11-07T19:37:19.612Z - Started listening on: /tmp/9e6528910863bfa2e66d/d.sock
[NX v22.0.2 Daemon Server] - 2025-11-07T19:37:19.615Z - [WATCHER]: Subscribed to changes within: /home/saint/Documents/Sematica (native)
[NX v22.0.2 Daemon Server] - 2025-11-07T19:37:19.625Z - Established a connection. Number of open connections: 1
[NX v22.0.2 Daemon Server] - 2025-11-07T19:37:19.626Z - Established a connection. Number of open connections: 2
[NX v22.0.2 Daemon Server] - 2025-11-07T19:37:19.629Z - Closed a connection. Number of open connections: 1
[NX v22.0.2 Daemon Server] - 2025-11-07T19:37:19.631Z - [REQUEST]: Client Request for Project Graph Received
Time for 'plugin worker 11892 code loading' 10.515576000000003
Time for 'plugin worker 11895 code loading' 8.754215000000002
Time for 'plugin worker 11900 code loading' 8.748978000000001
Time for 'plugin worker 11893 code loading' 10.502257999999998
[NX v22.0.2 Daemon Server] - 2025-11-07T19:37:19.946Z - Time taken for 'Load Nx Plugin: /home/saint/Documents/Sematica/node_modules/nx/src/plugins/project-json/build-nodes/project-json' 310.98179700000003ms
[NX v22.0.2 Daemon Server] - 2025-11-07T19:37:19.947Z - Time taken for 'Load Nx Plugin: /home/saint/Documents/Sematica/node_modules/nx/src/plugins/package-json' 312.302007ms
[NX v22.0.2 Daemon Server] - 2025-11-07T19:37:20.038Z - Time taken for 'loadDefaultNxPlugins' 404.401412ms
[NX v22.0.2 Daemon Server] - 2025-11-07T19:37:20.063Z - [REQUEST]: Updated workspace context based on watched changes, recomputing project graph...
[NX v22.0.2 Daemon Server] - 2025-11-07T19:37:20.063Z - [REQUEST]: 
[NX v22.0.2 Daemon Server] - 2025-11-07T19:37:20.063Z - [REQUEST]: 
[NX v22.0.2 Daemon Server] - 2025-11-07T19:37:20.065Z - No files changed, but no in-memory cached project graph found. Recomputing it...
[NX v22.0.2 Daemon Server] - 2025-11-07T19:37:20.072Z - Time taken for 'loadSpecifiedNxPlugins' 430.27438599999994ms
Time for 'nx/core/project-json:createNodes' 0.3234350000000177
Time for '@nx/js/typescript:createNodes' 4.465951999999959
Time for 'nx/core/package-json:createNodes' 4.801157999999987
Time for 'nx/js/dependencies-and-lockfile:createNodes' 23.10832499999998
[NX v22.0.2 Daemon Server] - 2025-11-07T19:37:20.127Z - Time taken for 'build-project-configs' 36.55371600000001ms
[NX v22.0.2 Daemon Server] - 2025-11-07T19:37:20.136Z - Time taken for '@nx/js/typescript:createDependencies' 12.921202999999991ms
Time for 'build typescript dependencies' 0.3687280000000328
[NX v22.0.2 Daemon Server] - 2025-11-07T19:37:20.222Z - [SYNC]: collect registered sync generators
[NX v22.0.2 Daemon Server] - 2025-11-07T19:37:20.228Z - Wrote project graph cache to /home/saint/Documents/Sematica/.nx/workspace-data/project-graph.json
[NX v22.0.2 Daemon Server] - 2025-11-07T19:37:20.228Z - [REQUEST]: Responding to the client. project-graph
[NX v22.0.2 Daemon Server] - 2025-11-07T19:37:20.229Z - Time taken for 'total for creating and serializing project graph' 596.51433ms
[NX v22.0.2 Daemon Server] - 2025-11-07T19:37:20.231Z - Done responding to the client project-graph
[NX v22.0.2 Daemon Server] - 2025-11-07T19:37:20.231Z - Handled json message REQUEST_PROJECT_GRAPH. Handling time: 597. Response time: 3.
[NX v22.0.2 Daemon Server] - 2025-11-07T19:37:20.268Z - Closed a connection. Number of open connections: 0
[NX v22.0.2 Daemon Server] - 2025-11-07T19:38:52.222Z - Established a connection. Number of open connections: 1
[NX v22.0.2 Daemon Server] - 2025-11-07T19:38:52.223Z - Closed a connection. Number of open connections: 0
[NX v22.0.2 Daemon Server] - 2025-11-07T19:38:52.223Z - Established a connection. Number of open connections: 1
[NX v22.0.2 Daemon Server] - 2025-11-07T19:38:52.225Z - [REQUEST]: Client Request for Project Graph Received
[NX v22.0.2 Daemon Server] - 2025-11-07T19:38:52.225Z - Reusing in-memory cached project graph because no files changed.
[NX v22.0.2 Daemon Server] - 2025-11-07T19:38:52.237Z - Wrote project graph cache to /home/saint/Documents/Sematica/.nx/workspace-data/project-graph.json
[NX v22.0.2 Daemon Server] - 2025-11-07T19:38:52.237Z - [REQUEST]: Responding to the client. project-graph
[NX v22.0.2 Daemon Server] - 2025-11-07T19:38:52.238Z - Time taken for 'total for creating and serializing project graph' 12.096510999996099ms
[NX v22.0.2 Daemon Server] - 2025-11-07T19:38:52.241Z - Done responding to the client project-graph
[NX v22.0.2 Daemon Server] - 2025-11-07T19:38:52.241Z - Handled json message REQUEST_PROJECT_GRAPH. Handling time: 12. Response time: 4.
[NX v22.0.2 Daemon Server] - 2025-11-07T19:39:22.950Z - [REQUEST]: Client Request for Project Graph Received
[NX v22.0.2 Daemon Server] - 2025-11-07T19:39:22.950Z - Reusing in-memory cached project graph because no files changed.
[NX v22.0.2 Daemon Server] - 2025-11-07T19:39:22.956Z - Wrote project graph cache to /home/saint/Documents/Sematica/.nx/workspace-data/project-graph.json
[NX v22.0.2 Daemon Server] - 2025-11-07T19:39:22.956Z - [REQUEST]: Responding to the client. project-graph
[NX v22.0.2 Daemon Server] - 2025-11-07T19:39:22.957Z - Time taken for 'total for creating and serializing project graph' 5.6833629999891855ms
[NX v22.0.2 Daemon Server] - 2025-11-07T19:39:22.958Z - Done responding to the client project-graph
[NX v22.0.2 Daemon Server] - 2025-11-07T19:39:22.958Z - Handled json message REQUEST_PROJECT_GRAPH. Handling time: 6. Response time: 2.
[NX v22.0.2 Daemon Server] - 2025-11-07T19:39:22.967Z - [REQUEST]: Responding to the client. handleMultiGlob
[NX v22.0.2 Daemon Server] - 2025-11-07T19:39:22.967Z - Done responding to the client handleMultiGlob
[NX v22.0.2 Daemon Server] - 2025-11-07T19:39:22.967Z - Handled json message MULTI_GLOB. Handling time: 1. Response time: 0.
[NX v22.0.2 Daemon Server] - 2025-11-07T19:39:22.975Z - [REQUEST]: Client Request for Project Graph Received
[NX v22.0.2 Daemon Server] - 2025-11-07T19:39:22.975Z - Reusing in-memory cached project graph because no files changed.
[NX v22.0.2 Daemon Server] - 2025-11-07T19:39:22.980Z - Wrote project graph cache to /home/saint/Documents/Sematica/.nx/workspace-data/project-graph.json
[NX v22.0.2 Daemon Server] - 2025-11-07T19:39:22.980Z - [REQUEST]: Responding to the client. project-graph
[NX v22.0.2 Daemon Server] - 2025-11-07T19:39:22.981Z - Time taken for 'total for creating and serializing project graph' 5.231941999998526ms
[NX v22.0.2 Daemon Server] - 2025-11-07T19:39:22.983Z - Done responding to the client project-graph
[NX v22.0.2 Daemon Server] - 2025-11-07T19:39:22.983Z - Handled json message REQUEST_PROJECT_GRAPH. Handling time: 5. Response time: 3.
[NX v22.0.2 Daemon Server] - 2025-11-07T19:39:22.988Z - [REQUEST]: Client Request for Project Graph Received
[NX v22.0.2 Daemon Server] - 2025-11-07T19:39:22.988Z - Reusing in-memory cached project graph because no files changed.
[NX v22.0.2 Daemon Server] - 2025-11-07T19:39:22.993Z - Wrote project graph cache to /home/saint/Documents/Sematica/.nx/workspace-data/project-graph.json
[NX v22.0.2 Daemon Server] - 2025-11-07T19:39:22.994Z - [REQUEST]: Responding to the client. project-graph
[NX v22.0.2 Daemon Server] - 2025-11-07T19:39:22.994Z - Time taken for 'total for creating and serializing project graph' 5.319376999992528ms
[NX v22.0.2 Daemon Server] - 2025-11-07T19:39:22.998Z - Done responding to the client project-graph
[NX v22.0.2 Daemon Server] - 2025-11-07T19:39:22.998Z - Handled json message REQUEST_PROJECT_GRAPH. Handling time: 6. Response time: 4.
[NX v22.0.2 Daemon Server] - 2025-11-07T19:39:23.003Z - [REQUEST]: Client Request for Project Graph Received
[NX v22.0.2 Daemon Server] - 2025-11-07T19:39:23.003Z - Reusing in-memory cached project graph because no files changed.
[NX v22.0.2 Daemon Server] - 2025-11-07T19:39:23.008Z - Wrote project graph cache to /home/saint/Documents/Sematica/.nx/workspace-data/project-graph.json
[NX v22.0.2 Daemon Server] - 2025-11-07T19:39:23.008Z - [REQUEST]: Responding to the client. project-graph
[NX v22.0.2 Daemon Server] - 2025-11-07T19:39:23.009Z - Time taken for 'total for creating and serializing project graph' 5.156973999997717ms
[NX v22.0.2 Daemon Server] - 2025-11-07T19:39:23.010Z - Done responding to the client project-graph
[NX v22.0.2 Daemon Server] - 2025-11-07T19:39:23.010Z - Handled json message REQUEST_PROJECT_GRAPH. Handling time: 6. Response time: 2.
[NX v22.0.2 Daemon Server] - 2025-11-07T19:39:23.048Z - [REQUEST]: Client Request for Project Graph Received
[NX v22.0.2 Daemon Server] - 2025-11-07T19:39:23.049Z - Reusing in-memory cached project graph because no files changed.
[NX v22.0.2 Daemon Server] - 2025-11-07T19:39:23.054Z - Wrote project graph cache to /home/saint/Documents/Sematica/.nx/workspace-data/project-graph.json
[NX v22.0.2 Daemon Server] - 2025-11-07T19:39:23.054Z - [REQUEST]: Responding to the client. project-graph
[NX v22.0.2 Daemon Server] - 2025-11-07T19:39:23.056Z - Time taken for 'total for creating and serializing project graph' 5.987032000004547ms
[NX v22.0.2 Daemon Server] - 2025-11-07T19:39:23.058Z - Done responding to the client project-graph
[NX v22.0.2 Daemon Server] - 2025-11-07T19:39:23.059Z - Handled json message REQUEST_PROJECT_GRAPH. Handling time: 6. Response time: 5.
[NX v22.0.2 Daemon Server] - 2025-11-07T19:39:23.137Z - [WATCHER]: 14 file(s) created or restored, 4 file(s) modified, 0 file(s) deleted
[NX v22.0.2 Daemon Server] - 2025-11-07T19:39:23.138Z - [WATCHER]: Processing file changes in outputs
[NX v22.0.2 Daemon Server] - 2025-11-07T19:39:23.139Z - Closed a connection. Number of open connections: 0
[NX v22.0.2 Daemon Server] - 2025-11-07T19:39:23.139Z - [WATCHER]: Stopping the watcher for /home/saint/Documents/Sematica (sources)
[NX v22.0.2 Daemon Server] - 2025-11-07T19:39:23.139Z - [WATCHER]: Stopping the watcher for /home/saint/Documents/Sematica (outputs)
[NX v22.0.2 Daemon Server] - 2025-11-07T19:39:23.140Z - Server stopped because: "Stopping the daemon the set of ignored files changed (native)"
[NX v22.0.2 Daemon Server] - 2025-11-07T19:40:56.926Z - Started listening on: /tmp/9e6528910863bfa2e66d/d.sock
[NX v22.0.2 Daemon Server] - 2025-11-07T19:40:56.928Z - [WATCHER]: Subscribed to changes within: /home/saint/Documents/Sematica (native)
[NX v22.0.2 Daemon Server] - 2025-11-07T19:40:56.937Z - Established a connection. Number of open connections: 1
[NX v22.0.2 Daemon Server] - 2025-11-07T19:40:56.938Z - Established a connection. Number of open connections: 2
[NX v22.0.2 Daemon Server] - 2025-11-07T19:40:56.940Z - Closed a connection. Number of open connections: 1
[NX v22.0.2 Daemon Server] - 2025-11-07T19:40:56.941Z - [REQUEST]: Client Request for Project Graph Received
Time for 'plugin worker 12310 code loading' 8.640237999999997
Time for 'plugin worker 12311 code loading' 8.509735999999997
Time for 'plugin worker 12312 code loading' 8.445648999999996
Time for 'plugin worker 12318 code loading' 6.863926999999997
Time for 'plugin worker 12324 code loading' 8.765484999999998
[NX v22.0.2 Daemon Server] - 2025-11-07T19:40:57.263Z - Time taken for 'Load Nx Plugin: /home/saint/Documents/Sematica/node_modules/nx/src/plugins/project-json/build-nodes/project-json' 318.058151ms
[NX v22.0.2 Daemon Server] - 2025-11-07T19:40:57.273Z - Time taken for 'Load Nx Plugin: /home/saint/Documents/Sematica/node_modules/nx/src/plugins/package-json' 328.77383799999996ms
[NX v22.0.2 Daemon Server] - 2025-11-07T19:40:57.283Z - Time taken for 'loadDefaultNxPlugins' 338.657627ms
[NX v22.0.2 Daemon Server] - 2025-11-07T19:40:57.355Z - Time taken for 'Load Nx Plugin: @nx/js/typescript' 412.62842499999994ms
[NX v22.0.2 Daemon Server] - 2025-11-07T19:40:57.366Z - [REQUEST]: Updated workspace context based on watched changes, recomputing project graph...
[NX v22.0.2 Daemon Server] - 2025-11-07T19:40:57.366Z - [REQUEST]: 
[NX v22.0.2 Daemon Server] - 2025-11-07T19:40:57.366Z - [REQUEST]: 
[NX v22.0.2 Daemon Server] - 2025-11-07T19:40:57.368Z - No files changed, but no in-memory cached project graph found. Recomputing it...
[NX v22.0.2 Daemon Server] - 2025-11-07T19:40:57.376Z - Time taken for 'loadSpecifiedNxPlugins' 423.63588999999996ms
Time for 'nx/core/project-json:createNodes' 0.3133479999999622
[NX v22.0.2 Daemon Server] - 2025-11-07T19:40:57.379Z - Established a connection. Number of open connections: 2
[NX v22.0.2 Daemon Server] - 2025-11-07T19:40:57.380Z - Closed a connection. Number of open connections: 1
[NX v22.0.2 Daemon Server] - 2025-11-07T19:40:57.381Z - Established a connection. Number of open connections: 2
Time for 'nx/core/package-json:createNodes' 6.115058000000033
[NX v22.0.2 Daemon Server] - 2025-11-07T19:40:57.384Z - [REQUEST]: Responding to the client. handleHashGlob
[NX v22.0.2 Daemon Server] - 2025-11-07T19:40:57.384Z - Done responding to the client handleHashGlob
[NX v22.0.2 Daemon Server] - 2025-11-07T19:40:57.384Z - Handled json message HASH_GLOB. Handling time: 1. Response time: 0.
Time for 'nx/js/dependencies-and-lockfile:createNodes' 27.53123499999998
Time for '@nx/js/typescript:createNodes' 256.11431999999996
Time for '@nx/next/plugin:createNodes' 344.951251
Time for 'total for sendMessageToDaemon()' 3.403738999999973
Time for 'deserialize daemon response' 0.1408739999999966
[NX v22.0.2 Daemon Server] - 2025-11-07T19:40:57.755Z - Time taken for 'build-project-configs' 354.30117300000006ms
[NX v22.0.2 Daemon Server] - 2025-11-07T19:40:57.765Z - Time taken for '@nx/js/typescript:createDependencies' 13.202496999999994ms
Time for 'build typescript dependencies' 12.14570399999991
[NX v22.0.2 Daemon Server] - 2025-11-07T19:40:57.853Z - [SYNC]: collect registered sync generators
[NX v22.0.2 Daemon Server] - 2025-11-07T19:40:57.854Z - [SYNC]: scheduling: ["@nx/js:typescript-sync"]
[NX v22.0.2 Daemon Server] - 2025-11-07T19:40:57.860Z - Wrote project graph cache to /home/saint/Documents/Sematica/.nx/workspace-data/project-graph.json
[NX v22.0.2 Daemon Server] - 2025-11-07T19:40:57.860Z - [REQUEST]: Responding to the client. project-graph
[NX v22.0.2 Daemon Server] - 2025-11-07T19:40:57.861Z - Time taken for 'total for creating and serializing project graph' 918.845912ms
[NX v22.0.2 Daemon Server] - 2025-11-07T19:40:57.863Z - Done responding to the client project-graph
[NX v22.0.2 Daemon Server] - 2025-11-07T19:40:57.863Z - Handled json message REQUEST_PROJECT_GRAPH. Handling time: 919. Response time: 3.
[NX v22.0.2 Daemon Server] - 2025-11-07T19:40:57.955Z - [SYNC]: running scheduled generator @nx/js:typescript-sync
[NX v22.0.2 Daemon Server] - 2025-11-07T19:40:58.207Z - Established a connection. Number of open connections: 3
[NX v22.0.2 Daemon Server] - 2025-11-07T19:40:58.208Z - Established a connection. Number of open connections: 4
[NX v22.0.2 Daemon Server] - 2025-11-07T19:40:58.208Z - Closed a connection. Number of open connections: 3
[NX v22.0.2 Daemon Server] - 2025-11-07T19:40:58.209Z - [REQUEST]: Client Request for Project Graph Received
[NX v22.0.2 Daemon Server] - 2025-11-07T19:40:58.209Z - Reusing in-memory cached project graph because no files changed.
[NX v22.0.2 Daemon Server] - 2025-11-07T19:40:58.214Z - Wrote project graph cache to /home/saint/Documents/Sematica/.nx/workspace-data/project-graph.json
[NX v22.0.2 Daemon Server] - 2025-11-07T19:40:58.214Z - [REQUEST]: Responding to the client. project-graph
[NX v22.0.2 Daemon Server] - 2025-11-07T19:40:58.215Z - Time taken for 'total for creating and serializing project graph' 5.1773880000000645ms
[NX v22.0.2 Daemon Server] - 2025-11-07T19:40:58.216Z - Done responding to the client project-graph
[NX v22.0.2 Daemon Server] - 2025-11-07T19:40:58.216Z - Handled json message REQUEST_PROJECT_GRAPH. Handling time: 5. Response time: 2.
[NX v22.0.2 Daemon Server] - 2025-11-07T19:40:58.224Z - [SYNC]: @nx/js:typescript-sync changes: 
[NX v22.0.2 Daemon Server] - 2025-11-07T19:40:58.224Z - Time taken for 'run-sync-generator:@nx/js:typescript-sync' 268.31288600000016ms
[NX v22.0.2 Daemon Server] - 2025-11-07T19:41:16.809Z - [REQUEST]: Client Request for Project Graph Received
[NX v22.0.2 Daemon Server] - 2025-11-07T19:41:16.810Z - Reusing in-memory cached project graph because no files changed.
[NX v22.0.2 Daemon Server] - 2025-11-07T19:41:16.815Z - Wrote project graph cache to /home/saint/Documents/Sematica/.nx/workspace-data/project-graph.json
[NX v22.0.2 Daemon Server] - 2025-11-07T19:41:16.815Z - [REQUEST]: Responding to the client. project-graph
[NX v22.0.2 Daemon Server] - 2025-11-07T19:41:16.816Z - Time taken for 'total for creating and serializing project graph' 5.621704999997746ms
[NX v22.0.2 Daemon Server] - 2025-11-07T19:41:16.818Z - Done responding to the client project-graph
[NX v22.0.2 Daemon Server] - 2025-11-07T19:41:16.818Z - Handled json message REQUEST_PROJECT_GRAPH. Handling time: 6. Response time: 3.
[NX v22.0.2 Daemon Server] - 2025-11-07T19:41:16.831Z - [REQUEST]: Client Request for Project Graph Received
[NX v22.0.2 Daemon Server] - 2025-11-07T19:41:16.831Z - Reusing in-memory cached project graph because no files changed.
[NX v22.0.2 Daemon Server] - 2025-11-07T19:41:16.836Z - Wrote project graph cache to /home/saint/Documents/Sematica/.nx/workspace-data/project-graph.json
[NX v22.0.2 Daemon Server] - 2025-11-07T19:41:16.836Z - [REQUEST]: Responding to the client. project-graph
[NX v22.0.2 Daemon Server] - 2025-11-07T19:41:16.837Z - Time taken for 'total for creating and serializing project graph' 5.567028000001301ms
[NX v22.0.2 Daemon Server] - 2025-11-07T19:41:16.839Z - Done responding to the client project-graph
[NX v22.0.2 Daemon Server] - 2025-11-07T19:41:16.839Z - Handled json message REQUEST_PROJECT_GRAPH. Handling time: 5. Response time: 3.
[NX v22.0.2 Daemon Server] - 2025-11-07T19:41:16.846Z - [REQUEST]: Client Request for Project Graph Received
[NX v22.0.2 Daemon Server] - 2025-11-07T19:41:16.846Z - Reusing in-memory cached project graph because no files changed.
[NX v22.0.2 Daemon Server] - 2025-11-07T19:41:16.851Z - Wrote project graph cache to /home/saint/Documents/Sematica/.nx/workspace-data/project-graph.json
[NX v22.0.2 Daemon Server] - 2025-11-07T19:41:16.851Z - [REQUEST]: Responding to the client. project-graph
[NX v22.0.2 Daemon Server] - 2025-11-07T19:41:16.852Z - Time taken for 'total for creating and serializing project graph' 5.369507999999769ms
[NX v22.0.2 Daemon Server] - 2025-11-07T19:41:16.855Z - Done responding to the client project-graph
[NX v22.0.2 Daemon Server] - 2025-11-07T19:41:16.855Z - Handled json message REQUEST_PROJECT_GRAPH. Handling time: 5. Response time: 4.
[NX v22.0.2 Daemon Server] - 2025-11-07T19:41:16.860Z - [REQUEST]: Client Request for Project Graph Received
[NX v22.0.2 Daemon Server] - 2025-11-07T19:41:16.861Z - Reusing in-memory cached project graph because no files changed.
[NX v22.0.2 Daemon Server] - 2025-11-07T19:41:16.866Z - Wrote project graph cache to /home/saint/Documents/Sematica/.nx/workspace-data/project-graph.json
[NX v22.0.2 Daemon Server] - 2025-11-07T19:41:16.866Z - [REQUEST]: Responding to the client. project-graph
[NX v22.0.2 Daemon Server] - 2025-11-07T19:41:16.867Z - Time taken for 'total for creating and serializing project graph' 5.470256000000518ms
[NX v22.0.2 Daemon Server] - 2025-11-07T19:41:16.869Z - Done responding to the client project-graph
[NX v22.0.2 Daemon Server] - 2025-11-07T19:41:16.869Z - Handled json message REQUEST_PROJECT_GRAPH. Handling time: 6. Response time: 3.
[NX v22.0.2 Daemon Server] - 2025-11-07T19:41:16.912Z - [REQUEST]: Client Request for Project Graph Received
[NX v22.0.2 Daemon Server] - 2025-11-07T19:41:16.912Z - Reusing in-memory cached project graph because no files changed.
[NX v22.0.2 Daemon Server] - 2025-11-07T19:41:16.918Z - Wrote project graph cache to /home/saint/Documents/Sematica/.nx/workspace-data/project-graph.json
[NX v22.0.2 Daemon Server] - 2025-11-07T19:41:16.918Z - [REQUEST]: Responding to the client. project-graph
[NX v22.0.2 Daemon Server] - 2025-11-07T19:41:16.920Z - Time taken for 'total for creating and serializing project graph' 6.48436700000093ms
[NX v22.0.2 Daemon Server] - 2025-11-07T19:41:16.923Z - Done responding to the client project-graph
[NX v22.0.2 Daemon Server] - 2025-11-07T19:41:16.923Z - Handled json message REQUEST_PROJECT_GRAPH. Handling time: 6. Response time: 5.
[NX v22.0.2 Daemon Server] - 2025-11-07T19:41:17.002Z - [WATCHER]: 14 file(s) created or restored, 3 file(s) modified, 0 file(s) deleted
[NX v22.0.2 Daemon Server] - 2025-11-07T19:41:17.003Z - [WATCHER]: Processing file changes in outputs
[NX v22.0.2 Daemon Server] - 2025-11-07T19:41:17.003Z - Closed a connection. Number of open connections: 2
[NX v22.0.2 Daemon Server] - 2025-11-07T19:41:17.003Z - Closed a connection. Number of open connections: 1
[NX v22.0.2 Daemon Server] - 2025-11-07T19:41:17.004Z - Closed a connection. Number of open connections: 0
[NX v22.0.2 Daemon Server] - 2025-11-07T19:41:17.004Z - [WATCHER]: Stopping the watcher for /home/saint/Documents/Sematica (sources)
[NX v22.0.2 Daemon Server] - 2025-11-07T19:41:17.004Z - [WATCHER]: Stopping the watcher for /home/saint/Documents/Sematica (outputs)
[NX v22.0.2 Daemon Server] - 2025-11-07T19:41:17.005Z - Server stopped because: "Stopping the daemon the set of ignored files changed (native)"
[NX v22.0.2 Daemon Server] - 2025-11-07T19:41:45.664Z - Started listening on: /tmp/9e6528910863bfa2e66d/d.sock
[NX v22.0.2 Daemon Server] - 2025-11-07T19:41:45.666Z - [WATCHER]: Subscribed to changes within: /home/saint/Documents/Sematica (native)
[NX v22.0.2 Daemon Server] - 2025-11-07T19:41:45.671Z - Established a connection. Number of open connections: 1
[NX v22.0.2 Daemon Server] - 2025-11-07T19:41:45.672Z - Established a connection. Number of open connections: 2
[NX v22.0.2 Daemon Server] - 2025-11-07T19:41:45.674Z - Closed a connection. Number of open connections: 1
[NX v22.0.2 Daemon Server] - 2025-11-07T19:41:45.675Z - [REQUEST]: Client Request for Project Graph Received
Time for 'plugin worker 12594 code loading' 8.652833000000001
Time for 'plugin worker 12595 code loading' 8.851092000000001
Time for 'plugin worker 12596 code loading' 9.007973999999997
Time for 'plugin worker 12603 code loading' 7.599246999999998
Time for 'plugin worker 12608 code loading' 8.119162000000003
[NX v22.0.2 Daemon Server] - 2025-11-07T19:41:45.984Z - Time taken for 'Load Nx Plugin: /home/saint/Documents/Sematica/node_modules/nx/src/plugins/package-json' 306.13385200000005ms
[NX v22.0.2 Daemon Server] - 2025-11-07T19:41:45.988Z - Time taken for 'Load Nx Plugin: /home/saint/Documents/Sematica/node_modules/nx/src/plugins/project-json/build-nodes/project-json' 310.053508ms
[NX v22.0.2 Daemon Server] - 2025-11-07T19:41:46.012Z - Time taken for 'loadDefaultNxPlugins' 334.314332ms
[NX v22.0.2 Daemon Server] - 2025-11-07T19:41:46.080Z - Time taken for 'Load Nx Plugin: @nx/js/typescript' 404.01379999999995ms
[NX v22.0.2 Daemon Server] - 2025-11-07T19:41:46.102Z - [REQUEST]: Updated workspace context based on watched changes, recomputing project graph...
[NX v22.0.2 Daemon Server] - 2025-11-07T19:41:46.102Z - [REQUEST]: 
[NX v22.0.2 Daemon Server] - 2025-11-07T19:41:46.102Z - [REQUEST]: 
[NX v22.0.2 Daemon Server] - 2025-11-07T19:41:46.105Z - No files changed, but no in-memory cached project graph found. Recomputing it...
[NX v22.0.2 Daemon Server] - 2025-11-07T19:41:46.114Z - Time taken for 'loadSpecifiedNxPlugins' 425.79316600000004ms
Time for 'nx/core/project-json:createNodes' 0.3186069999999859
[NX v22.0.2 Daemon Server] - 2025-11-07T19:41:46.116Z - Established a connection. Number of open connections: 2
[NX v22.0.2 Daemon Server] - 2025-11-07T19:41:46.117Z - Closed a connection. Number of open connections: 1
[NX v22.0.2 Daemon Server] - 2025-11-07T19:41:46.117Z - Established a connection. Number of open connections: 2
[NX v22.0.2 Daemon Server] - 2025-11-07T19:41:46.121Z - [REQUEST]: Responding to the client. handleHashGlob
[NX v22.0.2 Daemon Server] - 2025-11-07T19:41:46.121Z - Done responding to the client handleHashGlob
[NX v22.0.2 Daemon Server] - 2025-11-07T19:41:46.121Z - Handled json message HASH_GLOB. Handling time: 1. Response time: 1.
Time for 'nx/core/package-json:createNodes' 7.263192000000004
[NX v22.0.2 Daemon Server] - 2025-11-07T19:41:46.125Z - [REQUEST]: Responding to the client. handleHashGlob
[NX v22.0.2 Daemon Server] - 2025-11-07T19:41:46.125Z - Done responding to the client handleHashGlob
[NX v22.0.2 Daemon Server] - 2025-11-07T19:41:46.125Z - Handled json message HASH_GLOB. Handling time: 1. Response time: 0.
Time for 'nx/js/dependencies-and-lockfile:createNodes' 37.51612799999998
Time for '@nx/js/typescript:createNodes' 248.27752000000004
Time for 'total for sendMessageToDaemon()' 3.594374000000016
Time for 'deserialize daemon response' 0.12110500000000002
Time for '@nx/next/plugin:createNodes' 345.99044200000003
Time for 'total for sendMessageToDaemon()' 334.560389
Time for 'deserialize daemon response' 0.030200000000036198
[NX v22.0.2 Daemon Server] - 2025-11-07T19:41:46.487Z - Time taken for 'build-project-configs' 357.556424ms
[NX v22.0.2 Daemon Server] - 2025-11-07T19:41:46.493Z - Time taken for '@nx/js/typescript:createDependencies' 9.511128999999983ms
Time for 'build typescript dependencies' 11.082842000000028
[NX v22.0.2 Daemon Server] - 2025-11-07T19:41:46.593Z - [SYNC]: collect registered sync generators
[NX v22.0.2 Daemon Server] - 2025-11-07T19:41:46.594Z - [SYNC]: scheduling: ["@nx/js:typescript-sync"]
[NX v22.0.2 Daemon Server] - 2025-11-07T19:41:46.600Z - Wrote project graph cache to /home/saint/Documents/Sematica/.nx/workspace-data/project-graph.json
[NX v22.0.2 Daemon Server] - 2025-11-07T19:41:46.600Z - [REQUEST]: Responding to the client. project-graph
[NX v22.0.2 Daemon Server] - 2025-11-07T19:41:46.601Z - Time taken for 'total for creating and serializing project graph' 925.273518ms
[NX v22.0.2 Daemon Server] - 2025-11-07T19:41:46.604Z - Done responding to the client project-graph
[NX v22.0.2 Daemon Server] - 2025-11-07T19:41:46.604Z - Handled json message REQUEST_PROJECT_GRAPH. Handling time: 925. Response time: 4.
[NX v22.0.2 Daemon Server] - 2025-11-07T19:41:46.696Z - [SYNC]: running scheduled generator @nx/js:typescript-sync
[NX v22.0.2 Daemon Server] - 2025-11-07T19:41:46.960Z - Established a connection. Number of open connections: 3
[NX v22.0.2 Daemon Server] - 2025-11-07T19:41:46.961Z - Established a connection. Number of open connections: 4
[NX v22.0.2 Daemon Server] - 2025-11-07T19:41:46.961Z - Closed a connection. Number of open connections: 3
[NX v22.0.2 Daemon Server] - 2025-11-07T19:41:46.962Z - [REQUEST]: Client Request for Project Graph Received
[NX v22.0.2 Daemon Server] - 2025-11-07T19:41:46.962Z - Reusing in-memory cached project graph because no files changed.
[NX v22.0.2 Daemon Server] - 2025-11-07T19:41:46.969Z - Wrote project graph cache to /home/saint/Documents/Sematica/.nx/workspace-data/project-graph.json
[NX v22.0.2 Daemon Server] - 2025-11-07T19:41:46.970Z - [REQUEST]: Responding to the client. project-graph
[NX v22.0.2 Daemon Server] - 2025-11-07T19:41:46.970Z - Time taken for 'total for creating and serializing project graph' 7.637983000000077ms
[NX v22.0.2 Daemon Server] - 2025-11-07T19:41:46.972Z - Done responding to the client project-graph
[NX v22.0.2 Daemon Server] - 2025-11-07T19:41:46.972Z - Handled json message REQUEST_PROJECT_GRAPH. Handling time: 8. Response time: 2.
[NX v22.0.2 Daemon Server] - 2025-11-07T19:41:46.979Z - [SYNC]: @nx/js:typescript-sync changes: 
[NX v22.0.2 Daemon Server] - 2025-11-07T19:41:46.980Z - Time taken for 'run-sync-generator:@nx/js:typescript-sync' 282.26700400000004ms
[NX v22.0.2 Daemon Server] - 2025-11-07T19:42:15.292Z - [WATCHER]: 6 file(s) created or restored, 3 file(s) modified, 0 file(s) deleted
[NX v22.0.2 Daemon Server] - 2025-11-07T19:42:15.293Z - [WATCHER]: Processing file changes in outputs
[NX v22.0.2 Daemon Server] - 2025-11-07T19:42:15.408Z - Closed a connection. Number of open connections: 2
Time for 'plugin worker 12735 code loading' 6.115500000000001
Time for 'plugin worker 12736 code loading' 5.673287000000002
Time for 'plugin worker 12742 code loading' 5.244969999999999
[NX v22.0.2 Daemon Server] - 2025-11-07T19:42:15.694Z - Time taken for 'Load Nx Plugin: @nx/js/typescript' 301.060555ms
[NX v22.0.2 Daemon Server] - 2025-11-07T19:42:15.711Z - Time taken for 'Load Nx Plugin: @nx/js/typescript' 317.5952780000007ms
[NX v22.0.2 Daemon Server] - 2025-11-07T19:42:15.770Z - [REQUEST]: Updated workspace context based on watched changes, recomputing project graph...
[NX v22.0.2 Daemon Server] - 2025-11-07T19:42:15.771Z - [REQUEST]: core/package.json,core/src/index.ts,core/src/lib/core.ts,core/README.md,core/tsconfig.json,core/tsconfig.lib.json,tsconfig.json,nx.json,package.json
[NX v22.0.2 Daemon Server] - 2025-11-07T19:42:15.771Z - [REQUEST]: 
[NX v22.0.2 Daemon Server] - 2025-11-07T19:42:15.804Z - Time taken for 'loadSpecifiedNxPlugins' 375.76706099999865ms
[NX v22.0.2 Daemon Server] - 2025-11-07T19:42:15.804Z - Established a connection. Number of open connections: 3
Time for 'nx/core/project-json:createNodes' 0.353809000000183
[NX v22.0.2 Daemon Server] - 2025-11-07T19:42:15.810Z - Established a connection. Number of open connections: 4
[NX v22.0.2 Daemon Server] - 2025-11-07T19:42:15.811Z - Closed a connection. Number of open connections: 3
[NX v22.0.2 Daemon Server] - 2025-11-07T19:42:15.816Z - [REQUEST]: Responding to the client. handleHashGlob
[NX v22.0.2 Daemon Server] - 2025-11-07T19:42:15.817Z - Done responding to the client handleHashGlob
[NX v22.0.2 Daemon Server] - 2025-11-07T19:42:15.817Z - Handled json message HASH_GLOB. Handling time: 4. Response time: 1.
Time for 'nx/core/package-json:createNodes' 12.865632999997615
Time for 'nx/js/dependencies-and-lockfile:createNodes' 19.311619000000064
Time for 'total for sendMessageToDaemon()' 14.466354000000024
Time for 'deserialize daemon response' 0.20234100000004673
[NX v22.0.2 Daemon Server] - 2025-11-07T19:42:15.836Z - [REQUEST]: Responding to the client. handleHashGlob
[NX v22.0.2 Daemon Server] - 2025-11-07T19:42:15.837Z - Done responding to the client handleHashGlob
[NX v22.0.2 Daemon Server] - 2025-11-07T19:42:15.837Z - Handled json message HASH_GLOB. Handling time: 2. Response time: 1.
Time for '@nx/next/plugin:createNodes' 45.74928299999999
Time for 'total for sendMessageToDaemon()' 15.091922000000011
Time for 'deserialize daemon response' 0.034607999999991534
Time for '@nx/js/typescript:createNodes' 508.14655700000003
Time for '@nx/js/typescript:createNodes' 531.5497190000001
[NX v22.0.2 Daemon Server] - 2025-11-07T19:42:16.356Z - Time taken for 'build-project-configs' 552.7333840000028ms
[NX v22.0.2 Daemon Server] - 2025-11-07T19:42:16.364Z - Time taken for '@nx/js/typescript:createDependencies' 14.823599999999715ms
[NX v22.0.2 Daemon Server] - 2025-11-07T19:42:16.364Z - Time taken for '@nx/js/typescript:createDependencies' 15.147401000001992ms
Time for 'build typescript dependencies' 10.458770999997796
[NX v22.0.2 Daemon Server] - 2025-11-07T19:42:16.406Z - [SYNC]: collect registered sync generators
[NX v22.0.2 Daemon Server] - 2025-11-07T19:42:16.407Z - [SYNC]: nx.json hash is the same, not collecting global sync generators
[NX v22.0.2 Daemon Server] - 2025-11-07T19:42:16.407Z - [SYNC]: scheduling: ["@nx/js:typescript-sync"]
[NX v22.0.2 Daemon Server] - 2025-11-07T19:42:16.407Z - Time taken for 'total execution time for createProjectGraph()' 63.654162999999244ms
[NX v22.0.2 Daemon Server] - 2025-11-07T19:42:16.608Z - [SYNC]: running scheduled generator @nx/js:typescript-sync
[NX v22.0.2 Daemon Server] - 2025-11-07T19:42:16.609Z - [REQUEST]: Client Request for Project Graph Received
[NX v22.0.2 Daemon Server] - 2025-11-07T19:42:16.609Z - Reusing in-memory cached project graph because no files changed.
[NX v22.0.2 Daemon Server] - 2025-11-07T19:42:16.615Z - Wrote project graph cache to /home/saint/Documents/Sematica/.nx/workspace-data/project-graph.json
[NX v22.0.2 Daemon Server] - 2025-11-07T19:42:16.615Z - [REQUEST]: Responding to the client. project-graph
[NX v22.0.2 Daemon Server] - 2025-11-07T19:42:16.617Z - Time taken for 'total for creating and serializing project graph' 5.861141000001226ms
[NX v22.0.2 Daemon Server] - 2025-11-07T19:42:16.622Z - Done responding to the client project-graph
[NX v22.0.2 Daemon Server] - 2025-11-07T19:42:16.622Z - Handled json message REQUEST_PROJECT_GRAPH. Handling time: 6. Response time: 7.
[NX v22.0.2 Daemon Server] - 2025-11-07T19:42:16.632Z - [SYNC]: @nx/js:typescript-sync changes: 
[NX v22.0.2 Daemon Server] - 2025-11-07T19:42:16.633Z - Time taken for 'run-sync-generator:@nx/js:typescript-sync' 24.565678000002663ms
[NX v22.0.2 Daemon Server] - 2025-11-07T19:42:19.803Z - [WATCHER]: core was created or restored
[NX v22.0.2 Daemon Server] - 2025-11-07T19:42:19.804Z - [WATCHER]: Processing file changes in outputs
[NX v22.0.2 Daemon Server] - 2025-11-07T19:42:19.904Z - [REQUEST]: Updated workspace context based on watched changes, recomputing project graph...
[NX v22.0.2 Daemon Server] - 2025-11-07T19:42:19.904Z - [REQUEST]: 
[NX v22.0.2 Daemon Server] - 2025-11-07T19:42:19.904Z - [REQUEST]: 
Time for 'nx/core/project-json:createNodes' 0.274595999995654
Time for '@nx/js/typescript:createNodes' 4.469517000000451
Time for 'nx/core/package-json:createNodes' 3.307504999997036
Time for '@nx/js/typescript:createNodes' 7.06358100000034
[NX v22.0.2 Daemon Server] - 2025-11-07T19:42:19.916Z - [REQUEST]: Responding to the client. handleHashGlob
Time for 'total for sendMessageToDaemon()' 7.724482999999964
Time for 'deserialize daemon response' 0.02401800000006915
[NX v22.0.2 Daemon Server] - 2025-11-07T19:42:19.917Z - Done responding to the client handleHashGlob
[NX v22.0.2 Daemon Server] - 2025-11-07T19:42:19.917Z - Handled json message HASH_GLOB. Handling time: 1. Response time: 1.
[NX v22.0.2 Daemon Server] - 2025-11-07T19:42:19.917Z - Time taken for 'hash changed files from watcher' 0.0627669999958016ms
[NX v22.0.2 Daemon Server] - 2025-11-07T19:42:19.919Z - [REQUEST]: Responding to the client. handleHashGlob
[NX v22.0.2 Daemon Server] - 2025-11-07T19:42:19.920Z - Done responding to the client handleHashGlob
[NX v22.0.2 Daemon Server] - 2025-11-07T19:42:19.920Z - Handled json message HASH_GLOB. Handling time: 0. Response time: 1.
Time for '@nx/next/plugin:createNodes' 13.204876000000695
Time for 'total for sendMessageToDaemon()' 2.8364569999994274
Time for 'deserialize daemon response' 0.039611999999578984
Time for 'nx/js/dependencies-and-lockfile:createNodes' 9.68611399999645
[NX v22.0.2 Daemon Server] - 2025-11-07T19:42:19.939Z - Time taken for 'build-project-configs' 22.787592000000586ms
[NX v22.0.2 Daemon Server] - 2025-11-07T19:42:19.946Z - Time taken for '@nx/js/typescript:createDependencies' 10.195765999997093ms
[NX v22.0.2 Daemon Server] - 2025-11-07T19:42:19.953Z - Time taken for '@nx/js/typescript:createDependencies' 17.469732999998087ms
Time for 'build typescript dependencies' 0.029615999999805354
[NX v22.0.2 Daemon Server] - 2025-11-07T19:42:19.967Z - [SYNC]: collect registered sync generators
[NX v22.0.2 Daemon Server] - 2025-11-07T19:42:19.967Z - [SYNC]: project graph hash is the same, not collecting task sync generators
[NX v22.0.2 Daemon Server] - 2025-11-07T19:42:19.967Z - [SYNC]: nx.json hash is the same, not collecting global sync generators
[NX v22.0.2 Daemon Server] - 2025-11-07T19:42:19.967Z - [SYNC]: scheduling: ["@nx/js:typescript-sync"]
[NX v22.0.2 Daemon Server] - 2025-11-07T19:42:19.968Z - Time taken for 'total execution time for createProjectGraph()' 33.957258000002184ms
[NX v22.0.2 Daemon Server] - 2025-11-07T19:42:20.369Z - [SYNC]: running scheduled generator @nx/js:typescript-sync
[NX v22.0.2 Daemon Server] - 2025-11-07T19:42:20.371Z - [REQUEST]: Client Request for Project Graph Received
[NX v22.0.2 Daemon Server] - 2025-11-07T19:42:20.371Z - Reusing in-memory cached project graph because no files changed.
[NX v22.0.2 Daemon Server] - 2025-11-07T19:42:20.375Z - Wrote project graph cache to /home/saint/Documents/Sematica/.nx/workspace-data/project-graph.json
[NX v22.0.2 Daemon Server] - 2025-11-07T19:42:20.376Z - [REQUEST]: Responding to the client. project-graph
[NX v22.0.2 Daemon Server] - 2025-11-07T19:42:20.377Z - Time taken for 'total for creating and serializing project graph' 5.056872000001022ms
[NX v22.0.2 Daemon Server] - 2025-11-07T19:42:20.381Z - Done responding to the client project-graph
[NX v22.0.2 Daemon Server] - 2025-11-07T19:42:20.381Z - Handled json message REQUEST_PROJECT_GRAPH. Handling time: 5. Response time: 5.
[NX v22.0.2 Daemon Server] - 2025-11-07T19:42:20.388Z - [SYNC]: @nx/js:typescript-sync changes: 
[NX v22.0.2 Daemon Server] - 2025-11-07T19:42:20.388Z - Time taken for 'run-sync-generator:@nx/js:typescript-sync' 19.267165000004752ms
[NX v22.0.2 Daemon Server] - 2025-11-07T19:42:22.442Z - [WATCHER]: Processing file changes in outputs
[NX v22.0.2 Daemon Server] - 2025-11-07T19:42:22.442Z - Closed a connection. Number of open connections: 2
[NX v22.0.2 Daemon Server] - 2025-11-07T19:42:22.442Z - Closed a connection. Number of open connections: 1
[NX v22.0.2 Daemon Server] - 2025-11-07T19:42:22.442Z - Closed a connection. Number of open connections: 0
[NX v22.0.2 Daemon Server] - 2025-11-07T19:42:22.442Z - [WATCHER]: Stopping the watcher for /home/saint/Documents/Sematica (sources)
[NX v22.0.2 Daemon Server] - 2025-11-07T19:42:22.442Z - [WATCHER]: Stopping the watcher for /home/saint/Documents/Sematica (outputs)
[NX v22.0.2 Daemon Server] - 2025-11-07T19:42:22.443Z - Server stopped because: "LOCK_FILES_CHANGED"
[NX v22.0.2 Daemon Server] - 2025-11-07T19:42:31.505Z - Started listening on: /tmp/9e6528910863bfa2e66d/d.sock
[NX v22.0.2 Daemon Server] - 2025-11-07T19:42:31.509Z - [WATCHER]: Subscribed to changes within: /home/saint/Documents/Sematica (native)
[NX v22.0.2 Daemon Server] - 2025-11-07T19:42:31.516Z - Established a connection. Number of open connections: 1
[NX v22.0.2 Daemon Server] - 2025-11-07T19:42:31.518Z - Established a connection. Number of open connections: 2
[NX v22.0.2 Daemon Server] - 2025-11-07T19:42:31.521Z - Closed a connection. Number of open connections: 1
[NX v22.0.2 Daemon Server] - 2025-11-07T19:42:31.524Z - [REQUEST]: Client Request for Project Graph Received
Time for 'plugin worker 12892 code loading' 29.253082
Time for 'plugin worker 12893 code loading' 16.531329999999997
Time for 'plugin worker 12899 code loading' 11.255988000000002
Time for 'plugin worker 12905 code loading' 19.081964
Time for 'plugin worker 12911 code loading' 34.43047200000001
Time for 'plugin worker 12913 code loading' 30.500024999999994
[NX v22.0.2 Daemon Server] - 2025-11-07T19:42:32.176Z - Time taken for 'Load Nx Plugin: /home/saint/Documents/Sematica/node_modules/nx/src/plugins/js' 647.384951ms
[NX v22.0.2 Daemon Server] - 2025-11-07T19:42:32.202Z - Time taken for 'Load Nx Plugin: /home/saint/Documents/Sematica/node_modules/nx/src/plugins/project-json/build-nodes/project-json' 673.009417ms
[NX v22.0.2 Daemon Server] - 2025-11-07T19:42:32.338Z - Time taken for 'loadDefaultNxPlugins' 809.590927ms
[NX v22.0.2 Daemon Server] - 2025-11-07T19:42:32.396Z - Time taken for 'Load Nx Plugin: @nx/next/plugin' 868.4859520000001ms
[NX v22.0.2 Daemon Server] - 2025-11-07T19:42:32.469Z - Time taken for 'Load Nx Plugin: @nx/js/typescript' 941.199741ms
[NX v22.0.2 Daemon Server] - 2025-11-07T19:42:32.519Z - [REQUEST]: Updated workspace context based on watched changes, recomputing project graph...
[NX v22.0.2 Daemon Server] - 2025-11-07T19:42:32.519Z - [REQUEST]: 
[NX v22.0.2 Daemon Server] - 2025-11-07T19:42:32.519Z - [REQUEST]: 
[NX v22.0.2 Daemon Server] - 2025-11-07T19:42:32.526Z - No files changed, but no in-memory cached project graph found. Recomputing it...
[NX v22.0.2 Daemon Server] - 2025-11-07T19:42:32.543Z - Time taken for 'loadSpecifiedNxPlugins' 992.9870139999999ms
Time for 'nx/core/project-json:createNodes' 0.3333860000000186
[NX v22.0.2 Daemon Server] - 2025-11-07T19:42:32.566Z - Established a connection. Number of open connections: 2
Time for '@nx/js/typescript:createNodes' 22.54212700000005
Time for 'nx/core/package-json:createNodes' 26.00969699999996
[NX v22.0.2 Daemon Server] - 2025-11-07T19:42:32.579Z - Established a connection. Number of open connections: 3
[NX v22.0.2 Daemon Server] - 2025-11-07T19:42:32.580Z - Closed a connection. Number of open connections: 2
[NX v22.0.2 Daemon Server] - 2025-11-07T19:42:32.584Z - [REQUEST]: Responding to the client. handleHashGlob
[NX v22.0.2 Daemon Server] - 2025-11-07T19:42:32.585Z - Done responding to the client handleHashGlob
[NX v22.0.2 Daemon Server] - 2025-11-07T19:42:32.585Z - Handled json message HASH_GLOB. Handling time: 2. Response time: 2.
[NX v22.0.2 Daemon Server] - 2025-11-07T19:42:32.595Z - [REQUEST]: Responding to the client. handleHashGlob
[NX v22.0.2 Daemon Server] - 2025-11-07T19:42:32.595Z - Done responding to the client handleHashGlob
[NX v22.0.2 Daemon Server] - 2025-11-07T19:42:32.595Z - Handled json message HASH_GLOB. Handling time: 4. Response time: 0.
Time for 'nx/js/dependencies-and-lockfile:createNodes' 134.96366199999989
Time for '@nx/js/typescript:createNodes' 687.7297239999999
Time for 'total for sendMessageToDaemon()' 7.346767
Time for 'deserialize daemon response' 0.20181000000002314
Time for '@nx/next/plugin:createNodes' 863.609035
Time for 'total for sendMessageToDaemon()' 809.1777159999999
Time for 'deserialize daemon response' 0.06849599999986822
[NX v22.0.2 Daemon Server] - 2025-11-07T19:42:33.516Z - Time taken for 'build-project-configs' 898.5493820000002ms
[NX v22.0.2 Daemon Server] - 2025-11-07T19:42:33.555Z - Time taken for '@nx/js/typescript:createDependencies' 46.636946999999964ms
Time for 'build typescript dependencies' 21.16083000000026
[NX v22.0.2 Daemon Server] - 2025-11-07T19:42:33.766Z - [SYNC]: collect registered sync generators
[NX v22.0.2 Daemon Server] - 2025-11-07T19:42:33.767Z - [SYNC]: scheduling: ["@nx/js:typescript-sync"]
[NX v22.0.2 Daemon Server] - 2025-11-07T19:42:33.780Z - Wrote project graph cache to /home/saint/Documents/Sematica/.nx/workspace-data/project-graph.json
[NX v22.0.2 Daemon Server] - 2025-11-07T19:42:33.780Z - [REQUEST]: Responding to the client. project-graph
[NX v22.0.2 Daemon Server] - 2025-11-07T19:42:33.781Z - Time taken for 'total for creating and serializing project graph' 2256.272578ms
[NX v22.0.2 Daemon Server] - 2025-11-07T19:42:33.786Z - Done responding to the client project-graph
[NX v22.0.2 Daemon Server] - 2025-11-07T19:42:33.787Z - Handled json message REQUEST_PROJECT_GRAPH. Handling time: 2256. Response time: 7.
[NX v22.0.2 Daemon Server] - 2025-11-07T19:42:33.869Z - [SYNC]: running scheduled generator @nx/js:typescript-sync
[NX v22.0.2 Daemon Server] - 2025-11-07T19:42:34.374Z - Established a connection. Number of open connections: 3
[NX v22.0.2 Daemon Server] - 2025-11-07T19:42:34.375Z - Established a connection. Number of open connections: 4
[NX v22.0.2 Daemon Server] - 2025-11-07T19:42:34.376Z - Closed a connection. Number of open connections: 3
[NX v22.0.2 Daemon Server] - 2025-11-07T19:42:34.377Z - [REQUEST]: Client Request for Project Graph Received
[NX v22.0.2 Daemon Server] - 2025-11-07T19:42:34.377Z - Reusing in-memory cached project graph because no files changed.
[NX v22.0.2 Daemon Server] - 2025-11-07T19:42:34.386Z - Wrote project graph cache to /home/saint/Documents/Sematica/.nx/workspace-data/project-graph.json
[NX v22.0.2 Daemon Server] - 2025-11-07T19:42:34.386Z - [REQUEST]: Responding to the client. project-graph
[NX v22.0.2 Daemon Server] - 2025-11-07T19:42:34.388Z - Time taken for 'total for creating and serializing project graph' 9.38677000000007ms
[NX v22.0.2 Daemon Server] - 2025-11-07T19:42:34.392Z - Done responding to the client project-graph
[NX v22.0.2 Daemon Server] - 2025-11-07T19:42:34.392Z - Handled json message REQUEST_PROJECT_GRAPH. Handling time: 9. Response time: 6.
[NX v22.0.2 Daemon Server] - 2025-11-07T19:42:34.406Z - [SYNC]: @nx/js:typescript-sync changes: 
[NX v22.0.2 Daemon Server] - 2025-11-07T19:42:34.407Z - Time taken for 'run-sync-generator:@nx/js:typescript-sync' 537.233111ms
[NX v22.0.2 Daemon Server] - 2025-11-07T19:42:49.420Z - [WATCHER]: Processing file changes in outputs
[NX v22.0.2 Daemon Server] - 2025-11-07T19:42:49.421Z - [WATCHER]: 6 file(s) created or restored, 3 file(s) modified, 0 file(s) deleted
[NX v22.0.2 Daemon Server] - 2025-11-07T19:42:49.529Z - [REQUEST]: Updated workspace context based on watched changes, recomputing project graph...
[NX v22.0.2 Daemon Server] - 2025-11-07T19:42:49.529Z - [REQUEST]: knex/tsconfig.json,knex/tsconfig.lib.json,knex/src/index.ts,knex/src/lib/knex.ts,knex/README.md,knex/package.json,package.json,nx.json,tsconfig.json
[NX v22.0.2 Daemon Server] - 2025-11-07T19:42:49.529Z - [REQUEST]: 
[NX v22.0.2 Daemon Server] - 2025-11-07T19:42:49.535Z - Time taken for 'hash changed files from watcher' 8.06828300000052ms
Time for 'nx/core/project-json:createNodes' 0.3498939999990398
[NX v22.0.2 Daemon Server] - 2025-11-07T19:42:49.537Z - [REQUEST]: Responding to the client. handleHashGlob
[NX v22.0.2 Daemon Server] - 2025-11-07T19:42:49.537Z - Done responding to the client handleHashGlob
[NX v22.0.2 Daemon Server] - 2025-11-07T19:42:49.537Z - Handled json message HASH_GLOB. Handling time: 1. Response time: 0.
Time for 'total for sendMessageToDaemon()' 2.190744999999879
Time for '@nx/js/typescript:createNodes' 4.233396999999968
Time for 'deserialize daemon response' 0.047353000001749024
[NX v22.0.2 Daemon Server] - 2025-11-07T19:42:49.540Z - [REQUEST]: Responding to the client. handleHashGlob
[NX v22.0.2 Daemon Server] - 2025-11-07T19:42:49.540Z - Done responding to the client handleHashGlob
Time for 'nx/core/package-json:createNodes' 4.311613999998372
[NX v22.0.2 Daemon Server] - 2025-11-07T19:42:49.540Z - Handled json message HASH_GLOB. Handling time: 1. Response time: 0.
Time for '@nx/next/plugin:createNodes' 8.062258999998448
Time for 'total for sendMessageToDaemon()' 2.0947030000024824
Time for 'deserialize daemon response' 0.02281300000322517
Time for 'nx/js/dependencies-and-lockfile:createNodes' 7.797408000002179
Time for '@nx/js/typescript:createNodes' 262.66045099999974
[NX v22.0.2 Daemon Server] - 2025-11-07T19:42:49.809Z - Time taken for 'build-project-configs' 265.5025190000015ms
[NX v22.0.2 Daemon Server] - 2025-11-07T19:42:49.813Z - Time taken for '@nx/js/typescript:createDependencies' 8.944618000001356ms
[NX v22.0.2 Daemon Server] - 2025-11-07T19:42:49.816Z - Time taken for '@nx/js/typescript:createDependencies' 11.941031000002113ms
Time for 'build typescript dependencies' 6.965935000000172
[NX v22.0.2 Daemon Server] - 2025-11-07T19:42:49.841Z - [SYNC]: collect registered sync generators
[NX v22.0.2 Daemon Server] - 2025-11-07T19:42:49.841Z - [SYNC]: nx.json hash is the same, not collecting global sync generators
[NX v22.0.2 Daemon Server] - 2025-11-07T19:42:49.841Z - [SYNC]: scheduling: ["@nx/js:typescript-sync"]
[NX v22.0.2 Daemon Server] - 2025-11-07T19:42:49.841Z - Time taken for 'total execution time for createProjectGraph()' 40.566115000001446ms
[NX v22.0.2 Daemon Server] - 2025-11-07T19:42:50.042Z - [SYNC]: running scheduled generator @nx/js:typescript-sync
[NX v22.0.2 Daemon Server] - 2025-11-07T19:42:50.043Z - [REQUEST]: Client Request for Project Graph Received
[NX v22.0.2 Daemon Server] - 2025-11-07T19:42:50.044Z - Reusing in-memory cached project graph because no files changed.
[NX v22.0.2 Daemon Server] - 2025-11-07T19:42:50.049Z - Wrote project graph cache to /home/saint/Documents/Sematica/.nx/workspace-data/project-graph.json
[NX v22.0.2 Daemon Server] - 2025-11-07T19:42:50.049Z - [REQUEST]: Responding to the client. project-graph
[NX v22.0.2 Daemon Server] - 2025-11-07T19:42:50.050Z - Time taken for 'total for creating and serializing project graph' 5.5623539999978675ms
[NX v22.0.2 Daemon Server] - 2025-11-07T19:42:50.052Z - Done responding to the client project-graph
[NX v22.0.2 Daemon Server] - 2025-11-07T19:42:50.053Z - Handled json message REQUEST_PROJECT_GRAPH. Handling time: 6. Response time: 4.
[NX v22.0.2 Daemon Server] - 2025-11-07T19:42:50.059Z - [SYNC]: @nx/js:typescript-sync changes: 
[NX v22.0.2 Daemon Server] - 2025-11-07T19:42:50.060Z - Time taken for 'run-sync-generator:@nx/js:typescript-sync' 17.6724060000015ms
[NX v22.0.2 Daemon Server] - 2025-11-07T19:42:51.034Z - [WATCHER]: knex was created or restored
[NX v22.0.2 Daemon Server] - 2025-11-07T19:42:51.034Z - [WATCHER]: Processing file changes in outputs
[NX v22.0.2 Daemon Server] - 2025-11-07T19:42:51.135Z - [REQUEST]: Updated workspace context based on watched changes, recomputing project graph...
[NX v22.0.2 Daemon Server] - 2025-11-07T19:42:51.135Z - [REQUEST]: 
[NX v22.0.2 Daemon Server] - 2025-11-07T19:42:51.135Z - [REQUEST]: 
Time for '@nx/js/typescript:createNodes' 4.2851190000001225
Time for 'nx/core/project-json:createNodes' 0.2823820000012347
[NX v22.0.2 Daemon Server] - 2025-11-07T19:42:51.151Z - [REQUEST]: Responding to the client. handleHashGlob
[NX v22.0.2 Daemon Server] - 2025-11-07T19:42:51.151Z - Done responding to the client handleHashGlob
[NX v22.0.2 Daemon Server] - 2025-11-07T19:42:51.151Z - Handled json message HASH_GLOB. Handling time: 1. Response time: 0.
[NX v22.0.2 Daemon Server] - 2025-11-07T19:42:51.151Z - Time taken for 'hash changed files from watcher' 0.10928799999965122ms
Time for 'total for sendMessageToDaemon()' 6.277083999997558
Time for 'deserialize daemon response' 0.03789399999732268
Time for 'nx/core/package-json:createNodes' 3.464443000000756
[NX v22.0.2 Daemon Server] - 2025-11-07T19:42:51.154Z - [REQUEST]: Responding to the client. handleHashGlob
[NX v22.0.2 Daemon Server] - 2025-11-07T19:42:51.154Z - Done responding to the client handleHashGlob
[NX v22.0.2 Daemon Server] - 2025-11-07T19:42:51.154Z - Handled json message HASH_GLOB. Handling time: 2. Response time: 0.
Time for '@nx/js/typescript:createNodes' 7.695976999999402
Time for '@nx/next/plugin:createNodes' 11.494434000000183
Time for 'total for sendMessageToDaemon()' 2.4571519999990414
Time for 'deserialize daemon response' 0.031117999998969026
Time for 'nx/js/dependencies-and-lockfile:createNodes' 9.512041000001773
[NX v22.0.2 Daemon Server] - 2025-11-07T19:42:51.178Z - Time taken for 'build-project-configs' 24.123782999999094ms
[NX v22.0.2 Daemon Server] - 2025-11-07T19:42:51.183Z - Time taken for '@nx/js/typescript:createDependencies' 9.34357000000091ms
[NX v22.0.2 Daemon Server] - 2025-11-07T19:42:51.184Z - Time taken for '@nx/js/typescript:createDependencies' 10.08118000000104ms
Time for 'build typescript dependencies' 0.019226000000344357
[NX v22.0.2 Daemon Server] - 2025-11-07T19:42:51.203Z - [SYNC]: collect registered sync generators
[NX v22.0.2 Daemon Server] - 2025-11-07T19:42:51.204Z - [SYNC]: project graph hash is the same, not collecting task sync generators
[NX v22.0.2 Daemon Server] - 2025-11-07T19:42:51.204Z - [SYNC]: nx.json hash is the same, not collecting global sync generators
[NX v22.0.2 Daemon Server] - 2025-11-07T19:42:51.204Z - [SYNC]: scheduling: ["@nx/js:typescript-sync"]
[NX v22.0.2 Daemon Server] - 2025-11-07T19:42:51.204Z - Time taken for 'total execution time for createProjectGraph()' 35.05623299999934ms
[NX v22.0.2 Daemon Server] - 2025-11-07T19:42:51.589Z - [WATCHER]: Processing file changes in outputs
[NX v22.0.2 Daemon Server] - 2025-11-07T19:42:51.590Z - Closed a connection. Number of open connections: 2
[NX v22.0.2 Daemon Server] - 2025-11-07T19:42:51.590Z - Closed a connection. Number of open connections: 1
[NX v22.0.2 Daemon Server] - 2025-11-07T19:42:51.590Z - Closed a connection. Number of open connections: 0
[NX v22.0.2 Daemon Server] - 2025-11-07T19:42:51.590Z - [WATCHER]: Stopping the watcher for /home/saint/Documents/Sematica (sources)
[NX v22.0.2 Daemon Server] - 2025-11-07T19:42:51.590Z - [WATCHER]: Stopping the watcher for /home/saint/Documents/Sematica (outputs)
[NX v22.0.2 Daemon Server] - 2025-11-07T19:42:51.591Z - Server stopped because: "LOCK_FILES_CHANGED"
[NX v22.0.2 Daemon Server] - 2025-11-07T19:43:00.189Z - Started listening on: /tmp/9e6528910863bfa2e66d/d.sock
[NX v22.0.2 Daemon Server] - 2025-11-07T19:43:00.191Z - [WATCHER]: Subscribed to changes within: /home/saint/Documents/Sematica (native)
[NX v22.0.2 Daemon Server] - 2025-11-07T19:43:00.197Z - Established a connection. Number of open connections: 1
[NX v22.0.2 Daemon Server] - 2025-11-07T19:43:00.198Z - Established a connection. Number of open connections: 2
[NX v22.0.2 Daemon Server] - 2025-11-07T19:43:00.201Z - Closed a connection. Number of open connections: 1
[NX v22.0.2 Daemon Server] - 2025-11-07T19:43:00.203Z - [REQUEST]: Client Request for Project Graph Received
Time for 'plugin worker 13144 code loading' 8.689604000000003
Time for 'plugin worker 13145 code loading' 8.655408000000001
Time for 'plugin worker 13143 code loading' 15.603648
Time for 'plugin worker 13146 code loading' 8.538170000000001
Time for 'plugin worker 13157 code loading' 13.194662999999998
Time for 'plugin worker 13168 code loading' 8.897481000000006
[NX v22.0.2 Daemon Server] - 2025-11-07T19:43:00.560Z - Time taken for 'Load Nx Plugin: /home/saint/Documents/Sematica/node_modules/nx/src/plugins/package-json' 352.6918370000001ms
[NX v22.0.2 Daemon Server] - 2025-11-07T19:43:00.586Z - Time taken for 'Load Nx Plugin: /home/saint/Documents/Sematica/node_modules/nx/src/plugins/project-json/build-nodes/project-json' 379.15061199999997ms
[NX v22.0.2 Daemon Server] - 2025-11-07T19:43:00.642Z - Time taken for 'loadDefaultNxPlugins' 435.60571600000003ms
[NX v22.0.2 Daemon Server] - 2025-11-07T19:43:00.667Z - Time taken for 'Load Nx Plugin: @nx/js/typescript' 460.842765ms
[NX v22.0.2 Daemon Server] - 2025-11-07T19:43:00.703Z - Time taken for 'Load Nx Plugin: @nx/js/typescript' 497.57676200000003ms
[NX v22.0.2 Daemon Server] - 2025-11-07T19:43:00.733Z - [REQUEST]: Updated workspace context based on watched changes, recomputing project graph...
[NX v22.0.2 Daemon Server] - 2025-11-07T19:43:00.733Z - [REQUEST]: 
[NX v22.0.2 Daemon Server] - 2025-11-07T19:43:00.734Z - [REQUEST]: 
[NX v22.0.2 Daemon Server] - 2025-11-07T19:43:00.738Z - No files changed, but no in-memory cached project graph found. Recomputing it...
[NX v22.0.2 Daemon Server] - 2025-11-07T19:43:00.746Z - Time taken for 'loadSpecifiedNxPlugins' 528.872441ms
Time for 'nx/core/project-json:createNodes' 0.31565899999998237
[NX v22.0.2 Daemon Server] - 2025-11-07T19:43:00.750Z - Established a connection. Number of open connections: 2
[NX v22.0.2 Daemon Server] - 2025-11-07T19:43:00.751Z - Closed a connection. Number of open connections: 1
[NX v22.0.2 Daemon Server] - 2025-11-07T19:43:00.751Z - Established a connection. Number of open connections: 2
[NX v22.0.2 Daemon Server] - 2025-11-07T19:43:00.758Z - [REQUEST]: Responding to the client. handleHashGlob
[NX v22.0.2 Daemon Server] - 2025-11-07T19:43:00.758Z - Done responding to the client handleHashGlob
[NX v22.0.2 Daemon Server] - 2025-11-07T19:43:00.759Z - Handled json message HASH_GLOB. Handling time: 1. Response time: 1.
Time for 'nx/core/package-json:createNodes' 12.296772999999916
[NX v22.0.2 Daemon Server] - 2025-11-07T19:43:00.766Z - [REQUEST]: Responding to the client. handleHashGlob
[NX v22.0.2 Daemon Server] - 2025-11-07T19:43:00.766Z - Done responding to the client handleHashGlob
[NX v22.0.2 Daemon Server] - 2025-11-07T19:43:00.766Z - Handled json message HASH_GLOB. Handling time: 1. Response time: 0.
Time for 'nx/js/dependencies-and-lockfile:createNodes' 39.88620700000001
Time for '@nx/js/typescript:createNodes' 334.35058100000003
Time for '@nx/js/typescript:createNodes' 371.39141599999994
Time for 'total for sendMessageToDaemon()' 7.481328000000076
Time for 'deserialize daemon response' 0.1331480000000056
Time for '@nx/next/plugin:createNodes' 508.05066899999997
Time for 'total for sendMessageToDaemon()' 490.1861369999999
Time for 'deserialize daemon response' 0.03068699999994351
[NX v22.0.2 Daemon Server] - 2025-11-07T19:43:01.321Z - Time taken for 'build-project-configs' 523.3424839999999ms
[NX v22.0.2 Daemon Server] - 2025-11-07T19:43:01.338Z - Time taken for '@nx/js/typescript:createDependencies' 27.076260000000048ms
[NX v22.0.2 Daemon Server] - 2025-11-07T19:43:01.345Z - Time taken for '@nx/js/typescript:createDependencies' 33.430665999999974ms
Time for 'build typescript dependencies' 0.43386400000008507
[NX v22.0.2 Daemon Server] - 2025-11-07T19:43:01.544Z - [SYNC]: collect registered sync generators
[NX v22.0.2 Daemon Server] - 2025-11-07T19:43:01.545Z - [SYNC]: scheduling: ["@nx/js:typescript-sync"]
[NX v22.0.2 Daemon Server] - 2025-11-07T19:43:01.565Z - Wrote project graph cache to /home/saint/Documents/Sematica/.nx/workspace-data/project-graph.json
[NX v22.0.2 Daemon Server] - 2025-11-07T19:43:01.566Z - [REQUEST]: Responding to the client. project-graph
[NX v22.0.2 Daemon Server] - 2025-11-07T19:43:01.568Z - Time taken for 'total for creating and serializing project graph' 1362.457068ms
[NX v22.0.2 Daemon Server] - 2025-11-07T19:43:01.572Z - Done responding to the client project-graph
[NX v22.0.2 Daemon Server] - 2025-11-07T19:43:01.572Z - Handled json message REQUEST_PROJECT_GRAPH. Handling time: 1363. Response time: 6.
[NX v22.0.2 Daemon Server] - 2025-11-07T19:43:01.652Z - [SYNC]: running scheduled generator @nx/js:typescript-sync
[NX v22.0.2 Daemon Server] - 2025-11-07T19:43:02.027Z - Established a connection. Number of open connections: 3
[NX v22.0.2 Daemon Server] - 2025-11-07T19:43:02.028Z - Established a connection. Number of open connections: 4
[NX v22.0.2 Daemon Server] - 2025-11-07T19:43:02.029Z - Closed a connection. Number of open connections: 3
[NX v22.0.2 Daemon Server] - 2025-11-07T19:43:02.029Z - [REQUEST]: Client Request for Project Graph Received
[NX v22.0.2 Daemon Server] - 2025-11-07T19:43:02.030Z - Reusing in-memory cached project graph because no files changed.
[NX v22.0.2 Daemon Server] - 2025-11-07T19:43:02.038Z - Wrote project graph cache to /home/saint/Documents/Sematica/.nx/workspace-data/project-graph.json
[NX v22.0.2 Daemon Server] - 2025-11-07T19:43:02.039Z - [REQUEST]: Responding to the client. project-graph
[NX v22.0.2 Daemon Server] - 2025-11-07T19:43:02.040Z - Time taken for 'total for creating and serializing project graph' 9.328608000000031ms
[NX v22.0.2 Daemon Server] - 2025-11-07T19:43:02.045Z - Done responding to the client project-graph
[NX v22.0.2 Daemon Server] - 2025-11-07T19:43:02.045Z - Handled json message REQUEST_PROJECT_GRAPH. Handling time: 10. Response time: 6.
[NX v22.0.2 Daemon Server] - 2025-11-07T19:43:02.061Z - [SYNC]: @nx/js:typescript-sync changes: 
[NX v22.0.2 Daemon Server] - 2025-11-07T19:43:02.061Z - Time taken for 'run-sync-generator:@nx/js:typescript-sync' 408.5059389999999ms
[NX v22.0.2 Daemon Server] - 2025-11-07T19:43:43.491Z - [REQUEST]: Client Request for Project Graph Received
[NX v22.0.2 Daemon Server] - 2025-11-07T19:43:43.491Z - Reusing in-memory cached project graph because no files changed.
[NX v22.0.2 Daemon Server] - 2025-11-07T19:43:43.504Z - Wrote project graph cache to /home/saint/Documents/Sematica/.nx/workspace-data/project-graph.json
[NX v22.0.2 Daemon Server] - 2025-11-07T19:43:43.504Z - [REQUEST]: Responding to the client. project-graph
[NX v22.0.2 Daemon Server] - 2025-11-07T19:43:43.508Z - Time taken for 'total for creating and serializing project graph' 13.4580930000011ms
[NX v22.0.2 Daemon Server] - 2025-11-07T19:43:43.514Z - Done responding to the client project-graph
[NX v22.0.2 Daemon Server] - 2025-11-07T19:43:43.514Z - Handled json message REQUEST_PROJECT_GRAPH. Handling time: 13. Response time: 10.
[NX v22.0.2 Daemon Server] - 2025-11-07T19:43:43.570Z - [REQUEST]: Client Request for Project Graph Received
[NX v22.0.2 Daemon Server] - 2025-11-07T19:43:43.570Z - Reusing in-memory cached project graph because no files changed.
[NX v22.0.2 Daemon Server] - 2025-11-07T19:43:43.575Z - Wrote project graph cache to /home/saint/Documents/Sematica/.nx/workspace-data/project-graph.json
[NX v22.0.2 Daemon Server] - 2025-11-07T19:43:43.576Z - [REQUEST]: Responding to the client. project-graph
[NX v22.0.2 Daemon Server] - 2025-11-07T19:43:43.577Z - Time taken for 'total for creating and serializing project graph' 5.803657999997085ms
[NX v22.0.2 Daemon Server] - 2025-11-07T19:43:43.578Z - Done responding to the client project-graph
[NX v22.0.2 Daemon Server] - 2025-11-07T19:43:43.578Z - Handled json message REQUEST_PROJECT_GRAPH. Handling time: 6. Response time: 2.
[NX v22.0.2 Daemon Server] - 2025-11-07T19:43:43.654Z - [WATCHER]: 7 file(s) created or restored, 3 file(s) modified, 0 file(s) deleted
[NX v22.0.2 Daemon Server] - 2025-11-07T19:43:43.654Z - [WATCHER]: Processing file changes in outputs
[NX v22.0.2 Daemon Server] - 2025-11-07T19:43:43.754Z - [REQUEST]: Updated workspace context based on watched changes, recomputing project graph...
[NX v22.0.2 Daemon Server] - 2025-11-07T19:43:43.754Z - [REQUEST]: react/package.json,react/.babelrc,react/src/lib/react.tsx,react/src/index.ts,react/README.md,react/tsconfig.lib.json,react/tsconfig.json,tsconfig.json,package.json,nx.json
[NX v22.0.2 Daemon Server] - 2025-11-07T19:43:43.754Z - [REQUEST]: 
Time for 'nx/core/project-json:createNodes' 0.4721350000036182
[NX v22.0.2 Daemon Server] - 2025-11-07T19:43:43.763Z - [REQUEST]: Responding to the client. handleHashGlob
[NX v22.0.2 Daemon Server] - 2025-11-07T19:43:43.763Z - Done responding to the client handleHashGlob
[NX v22.0.2 Daemon Server] - 2025-11-07T19:43:43.763Z - Handled json message HASH_GLOB. Handling time: 1. Response time: 0.
[NX v22.0.2 Daemon Server] - 2025-11-07T19:43:43.763Z - Time taken for 'hash changed files from watcher' 0.30028199999651406ms
Time for 'total for sendMessageToDaemon()' 4.080653000004531
Time for '@nx/js/typescript:createNodes' 5.332335999999486
Time for 'deserialize daemon response' 0.0233379999990575
[NX v22.0.2 Daemon Server] - 2025-11-07T19:43:43.766Z - [REQUEST]: Responding to the client. handleHashGlob
[NX v22.0.2 Daemon Server] - 2025-11-07T19:43:43.766Z - Done responding to the client handleHashGlob
[NX v22.0.2 Daemon Server] - 2025-11-07T19:43:43.766Z - Handled json message HASH_GLOB. Handling time: 0. Response time: 0.
Time for '@nx/next/plugin:createNodes' 9.388186999996833
Time for 'nx/core/package-json:createNodes' 6.1478059999935795
Time for 'total for sendMessageToDaemon()' 2.130035999995016
Time for 'deserialize daemon response' 0.046985000000859145
Time for 'nx/js/dependencies-and-lockfile:createNodes' 8.067427000001771
Time for '@nx/js/typescript:createNodes' 25.805733000001055
[NX v22.0.2 Daemon Server] - 2025-11-07T19:43:43.806Z - Time taken for 'build-project-configs' 32.04250599999796ms
[NX v22.0.2 Daemon Server] - 2025-11-07T19:43:43.811Z - Time taken for '@nx/js/typescript:createDependencies' 11.373917999997502ms
[NX v22.0.2 Daemon Server] - 2025-11-07T19:43:43.812Z - Time taken for '@nx/js/typescript:createDependencies' 11.678138000002946ms
Time for 'build typescript dependencies' 7.173397000005934
[NX v22.0.2 Daemon Server] - 2025-11-07T19:43:43.842Z - [SYNC]: collect registered sync generators
[NX v22.0.2 Daemon Server] - 2025-11-07T19:43:43.842Z - [SYNC]: nx.json hash is the same, not collecting global sync generators
[NX v22.0.2 Daemon Server] - 2025-11-07T19:43:43.842Z - [SYNC]: scheduling: ["@nx/js:typescript-sync"]
[NX v22.0.2 Daemon Server] - 2025-11-07T19:43:43.843Z - Time taken for 'total execution time for createProjectGraph()' 48.4092909999963ms
[NX v22.0.2 Daemon Server] - 2025-11-07T19:43:44.042Z - [SYNC]: running scheduled generator @nx/js:typescript-sync
[NX v22.0.2 Daemon Server] - 2025-11-07T19:43:44.044Z - [REQUEST]: Client Request for Project Graph Received
[NX v22.0.2 Daemon Server] - 2025-11-07T19:43:44.045Z - Reusing in-memory cached project graph because no files changed.
[NX v22.0.2 Daemon Server] - 2025-11-07T19:43:44.051Z - Wrote project graph cache to /home/saint/Documents/Sematica/.nx/workspace-data/project-graph.json
[NX v22.0.2 Daemon Server] - 2025-11-07T19:43:44.051Z - [REQUEST]: Responding to the client. project-graph
[NX v22.0.2 Daemon Server] - 2025-11-07T19:43:44.052Z - Time taken for 'total for creating and serializing project graph' 6.767167999998492ms
[NX v22.0.2 Daemon Server] - 2025-11-07T19:43:44.056Z - Done responding to the client project-graph
[NX v22.0.2 Daemon Server] - 2025-11-07T19:43:44.056Z - Handled json message REQUEST_PROJECT_GRAPH. Handling time: 7. Response time: 5.
[NX v22.0.2 Daemon Server] - 2025-11-07T19:43:44.064Z - [SYNC]: @nx/js:typescript-sync changes: 
[NX v22.0.2 Daemon Server] - 2025-11-07T19:43:44.064Z - Time taken for 'run-sync-generator:@nx/js:typescript-sync' 20.805123999998614ms
[NX v22.0.2 Daemon Server] - 2025-11-07T19:43:45.247Z - [WATCHER]: react was created or restored
[NX v22.0.2 Daemon Server] - 2025-11-07T19:43:45.248Z - [WATCHER]: Processing file changes in outputs
[NX v22.0.2 Daemon Server] - 2025-11-07T19:43:45.349Z - [REQUEST]: Updated workspace context based on watched changes, recomputing project graph...
[NX v22.0.2 Daemon Server] - 2025-11-07T19:43:45.349Z - [REQUEST]: 
[NX v22.0.2 Daemon Server] - 2025-11-07T19:43:45.349Z - [REQUEST]: 
Time for '@nx/js/typescript:createNodes' 5.736552000002121
Time for 'nx/core/project-json:createNodes' 0.25173800000629853
[NX v22.0.2 Daemon Server] - 2025-11-07T19:43:45.369Z - [REQUEST]: Responding to the client. handleHashGlob
[NX v22.0.2 Daemon Server] - 2025-11-07T19:43:45.369Z - Done responding to the client handleHashGlob
[NX v22.0.2 Daemon Server] - 2025-11-07T19:43:45.370Z - Handled json message HASH_GLOB. Handling time: 1. Response time: 1.
[NX v22.0.2 Daemon Server] - 2025-11-07T19:43:45.370Z - Time taken for 'hash changed files from watcher' 0.10559900000225753ms
Time for 'total for sendMessageToDaemon()' 9.93380800000159
Time for 'deserialize daemon response' 0.04635499999858439
Time for '@nx/js/typescript:createNodes' 9.746665000006033
[NX v22.0.2 Daemon Server] - 2025-11-07T19:43:45.372Z - [REQUEST]: Responding to the client. handleHashGlob
[NX v22.0.2 Daemon Server] - 2025-11-07T19:43:45.373Z - Done responding to the client handleHashGlob
[NX v22.0.2 Daemon Server] - 2025-11-07T19:43:45.373Z - Handled json message HASH_GLOB. Handling time: 1. Response time: 1.
Time for 'nx/core/package-json:createNodes' 5.38169399999606
Time for '@nx/next/plugin:createNodes' 16.616543999996793
Time for 'total for sendMessageToDaemon()' 3.3186340000029304
Time for 'deserialize daemon response' 0.027549999998882413
Time for 'nx/js/dependencies-and-lockfile:createNodes' 11.71552900000097
[NX v22.0.2 Daemon Server] - 2025-11-07T19:43:45.399Z - Time taken for 'build-project-configs' 32.019886999994924ms
[NX v22.0.2 Daemon Server] - 2025-11-07T19:43:45.411Z - Time taken for '@nx/js/typescript:createDependencies' 16.469708999997238ms
Time for 'build typescript dependencies' 0.02719799999613315
[NX v22.0.2 Daemon Server] - 2025-11-07T19:43:45.445Z - [SYNC]: collect registered sync generators
[NX v22.0.2 Daemon Server] - 2025-11-07T19:43:45.446Z - [SYNC]: project graph hash is the same, not collecting task sync generators
[NX v22.0.2 Daemon Server] - 2025-11-07T19:43:45.446Z - [SYNC]: nx.json hash is the same, not collecting global sync generators
[NX v22.0.2 Daemon Server] - 2025-11-07T19:43:45.446Z - [SYNC]: scheduling: ["@nx/js:typescript-sync"]
[NX v22.0.2 Daemon Server] - 2025-11-07T19:43:45.446Z - Time taken for 'total execution time for createProjectGraph()' 53.44331599999714ms
[NX v22.0.2 Daemon Server] - 2025-11-07T19:43:45.828Z - [WATCHER]: Processing file changes in outputs
[NX v22.0.2 Daemon Server] - 2025-11-07T19:43:45.829Z - Closed a connection. Number of open connections: 2
[NX v22.0.2 Daemon Server] - 2025-11-07T19:43:45.830Z - Closed a connection. Number of open connections: 1
[NX v22.0.2 Daemon Server] - 2025-11-07T19:43:45.830Z - Closed a connection. Number of open connections: 0
[NX v22.0.2 Daemon Server] - 2025-11-07T19:43:45.830Z - [WATCHER]: Stopping the watcher for /home/saint/Documents/Sematica (sources)
[NX v22.0.2 Daemon Server] - 2025-11-07T19:43:45.830Z - [WATCHER]: Stopping the watcher for /home/saint/Documents/Sematica (outputs)
[NX v22.0.2 Daemon Server] - 2025-11-07T19:43:45.831Z - Server stopped because: "LOCK_FILES_CHANGED"
[NX v22.0.2 Daemon Server] - 2025-11-09T16:39:52.972Z - Started listening on: /tmp/9e6528910863bfa2e66d/d.sock
[NX v22.0.2 Daemon Server] - 2025-11-09T16:39:52.976Z - [WATCHER]: Subscribed to changes within: /home/saint/Documents/Sematica (native)
[NX v22.0.2 Daemon Server] - 2025-11-09T16:39:52.982Z - Established a connection. Number of open connections: 1
[NX v22.0.2 Daemon Server] - 2025-11-09T16:39:52.987Z - Closed a connection. Number of open connections: 0
[NX v22.0.2 Daemon Server] - 2025-11-09T16:39:53.009Z - Established a connection. Number of open connections: 1
[NX v22.0.2 Daemon Server] - 2025-11-09T16:39:53.014Z - Established a connection. Number of open connections: 2
[NX v22.0.2 Daemon Server] - 2025-11-09T16:39:53.014Z - Closed a connection. Number of open connections: 1
[NX v22.0.2 Daemon Server] - 2025-11-09T16:39:53.017Z - [REQUEST]: Client Request for Project Graph Received
Time for 'plugin worker 6463 code loading' 11.588017999999998
Time for 'plugin worker 6461 code loading' 11.562404999999998
Time for 'plugin worker 6462 code loading' 12.218378000000001
Time for 'plugin worker 6471 code loading' 26.548488000000006
Time for 'plugin worker 6476 code loading' 25.958219999999997
Time for 'plugin worker 6487 code loading' 22.682444000000004
[NX v22.0.2 Daemon Server] - 2025-11-09T16:39:53.807Z - Time taken for 'Load Nx Plugin: /home/saint/Documents/Sematica/node_modules/nx/src/plugins/js' 783.5361650000001ms
[NX v22.0.2 Daemon Server] - 2025-11-09T16:39:53.871Z - Time taken for 'Load Nx Plugin: /home/saint/Documents/Sematica/node_modules/nx/src/plugins/project-json/build-nodes/project-json' 847.3356689999999ms
[NX v22.0.2 Daemon Server] - 2025-11-09T16:39:53.979Z - Time taken for 'loadDefaultNxPlugins' 956.19544ms
[NX v22.0.2 Daemon Server] - 2025-11-09T16:39:54.071Z - Time taken for 'Load Nx Plugin: @nx/js/typescript' 1049.216969ms
[NX v22.0.2 Daemon Server] - 2025-11-09T16:39:54.078Z - Time taken for 'Load Nx Plugin: @nx/js/typescript' 1056.211743ms
[NX v22.0.2 Daemon Server] - 2025-11-09T16:39:54.224Z - [REQUEST]: Updated workspace context based on watched changes, recomputing project graph...
[NX v22.0.2 Daemon Server] - 2025-11-09T16:39:54.224Z - [REQUEST]: 
[NX v22.0.2 Daemon Server] - 2025-11-09T16:39:54.224Z - [REQUEST]: 
[NX v22.0.2 Daemon Server] - 2025-11-09T16:39:54.242Z - No files changed, but no in-memory cached project graph found. Recomputing it...
[NX v22.0.2 Daemon Server] - 2025-11-09T16:39:54.279Z - Time taken for 'loadSpecifiedNxPlugins' 1204.078774ms
Time for 'nx/core/project-json:createNodes' 0.5093160000001262
[NX v22.0.2 Daemon Server] - 2025-11-09T16:39:54.319Z - Established a connection. Number of open connections: 2
[NX v22.0.2 Daemon Server] - 2025-11-09T16:39:54.320Z - Established a connection. Number of open connections: 3
[NX v22.0.2 Daemon Server] - 2025-11-09T16:39:54.323Z - Closed a connection. Number of open connections: 2
[NX v22.0.2 Daemon Server] - 2025-11-09T16:39:54.333Z - [REQUEST]: Responding to the client. handleHashGlob
[NX v22.0.2 Daemon Server] - 2025-11-09T16:39:54.334Z - Done responding to the client handleHashGlob
Time for 'nx/core/package-json:createNodes' 54.98096499999997
[NX v22.0.2 Daemon Server] - 2025-11-09T16:39:54.334Z - Handled json message HASH_GLOB. Handling time: 3. Response time: 1.
[NX v22.0.2 Daemon Server] - 2025-11-09T16:39:54.360Z - [REQUEST]: Responding to the client. handleHashGlob
[NX v22.0.2 Daemon Server] - 2025-11-09T16:39:54.362Z - Done responding to the client handleHashGlob
[NX v22.0.2 Daemon Server] - 2025-11-09T16:39:54.363Z - Handled json message HASH_GLOB. Handling time: 10. Response time: 3.
Time for 'nx/js/dependencies-and-lockfile:createNodes' 91.90877699999987
Time for '@nx/js/typescript:createNodes' 712.5760399999999
Time for '@nx/js/typescript:createNodes' 704.845376
Time for 'total for sendMessageToDaemon()' 31.53596400000015
Time for 'deserialize daemon response' 0.19689800000014657
Time for '@nx/next/plugin:createNodes' 1232.072179
Time for 'total for sendMessageToDaemon()' 1142.614051
Time for 'deserialize daemon response' 0.03269799999998213
[NX v22.0.2 Daemon Server] - 2025-11-09T16:39:55.593Z - Time taken for 'build-project-configs' 1285.7752020000003ms
[NX v22.0.2 Daemon Server] - 2025-11-09T16:39:55.600Z - Time taken for '@nx/js/typescript:createDependencies' 14.593742999999904ms
[NX v22.0.2 Daemon Server] - 2025-11-09T16:39:55.600Z - Time taken for '@nx/js/typescript:createDependencies' 14.954068000000007ms
Time for 'build typescript dependencies' 0.4624199999998382
[NX v22.0.2 Daemon Server] - 2025-11-09T16:39:55.821Z - [SYNC]: collect registered sync generators
[NX v22.0.2 Daemon Server] - 2025-11-09T16:39:55.823Z - [SYNC]: scheduling: ["@nx/js:typescript-sync"]
[NX v22.0.2 Daemon Server] - 2025-11-09T16:39:55.840Z - Wrote project graph cache to /home/saint/Documents/Sematica/.nx/workspace-data/project-graph.json
[NX v22.0.2 Daemon Server] - 2025-11-09T16:39:55.841Z - [REQUEST]: Responding to the client. project-graph
[NX v22.0.2 Daemon Server] - 2025-11-09T16:39:55.843Z - Time taken for 'total for creating and serializing project graph' 2824.207818ms
[NX v22.0.2 Daemon Server] - 2025-11-09T16:39:55.849Z - Done responding to the client project-graph
[NX v22.0.2 Daemon Server] - 2025-11-09T16:39:55.849Z - Handled json message REQUEST_PROJECT_GRAPH. Handling time: 2825. Response time: 8.
[NX v22.0.2 Daemon Server] - 2025-11-09T16:39:55.874Z - [REQUEST]: Responding to the client. handleContextFileData
[NX v22.0.2 Daemon Server] - 2025-11-09T16:39:55.874Z - Done responding to the client handleContextFileData
[NX v22.0.2 Daemon Server] - 2025-11-09T16:39:55.874Z - Handled json message GET_CONTEXT_FILE_DATA. Handling time: 1. Response time: 0.
[NX v22.0.2 Daemon Server] - 2025-11-09T16:39:55.884Z - Closed a connection. Number of open connections: 1
[NX v22.0.2 Daemon Server] - 2025-11-09T16:39:55.925Z - [SYNC]: running scheduled generator @nx/js:typescript-sync
[NX v22.0.2 Daemon Server] - 2025-11-09T16:39:56.627Z - Established a connection. Number of open connections: 2
[NX v22.0.2 Daemon Server] - 2025-11-09T16:39:56.630Z - Established a connection. Number of open connections: 3
[NX v22.0.2 Daemon Server] - 2025-11-09T16:39:56.631Z - Closed a connection. Number of open connections: 2
[NX v22.0.2 Daemon Server] - 2025-11-09T16:39:56.632Z - [REQUEST]: Client Request for Project Graph Received
[NX v22.0.2 Daemon Server] - 2025-11-09T16:39:56.633Z - Reusing in-memory cached project graph because no files changed.
[NX v22.0.2 Daemon Server] - 2025-11-09T16:39:56.648Z - Wrote project graph cache to /home/saint/Documents/Sematica/.nx/workspace-data/project-graph.json
[NX v22.0.2 Daemon Server] - 2025-11-09T16:39:56.648Z - [REQUEST]: Responding to the client. project-graph
[NX v22.0.2 Daemon Server] - 2025-11-09T16:39:56.651Z - Time taken for 'total for creating and serializing project graph' 15.87248899999986ms
[NX v22.0.2 Daemon Server] - 2025-11-09T16:39:56.662Z - Done responding to the client project-graph
[NX v22.0.2 Daemon Server] - 2025-11-09T16:39:56.662Z - Handled json message REQUEST_PROJECT_GRAPH. Handling time: 16. Response time: 14.
[NX v22.0.2 Daemon Server] - 2025-11-09T16:39:56.688Z - [SYNC]: @nx/js:typescript-sync changes: 
[NX v22.0.2 Daemon Server] - 2025-11-09T16:39:56.689Z - Time taken for 'run-sync-generator:@nx/js:typescript-sync' 761.788951ms
[NX v22.0.2 Daemon Server] - 2025-11-09T16:39:56.904Z - Established a connection. Number of open connections: 3
[NX v22.0.2 Daemon Server] - 2025-11-09T16:39:56.906Z - Established a connection. Number of open connections: 4
[NX v22.0.2 Daemon Server] - 2025-11-09T16:39:56.907Z - Closed a connection. Number of open connections: 3
[NX v22.0.2 Daemon Server] - 2025-11-09T16:39:56.907Z - Established a connection. Number of open connections: 4
[NX v22.0.2 Daemon Server] - 2025-11-09T16:39:56.908Z - Closed a connection. Number of open connections: 3
[NX v22.0.2 Daemon Server] - 2025-11-09T16:39:56.909Z - [REQUEST]: Client Request for Project Graph Received
[NX v22.0.2 Daemon Server] - 2025-11-09T16:39:56.909Z - Reusing in-memory cached project graph because no files changed.
[NX v22.0.2 Daemon Server] - 2025-11-09T16:39:56.923Z - Wrote project graph cache to /home/saint/Documents/Sematica/.nx/workspace-data/project-graph.json
[NX v22.0.2 Daemon Server] - 2025-11-09T16:39:56.924Z - [REQUEST]: Responding to the client. project-graph
[NX v22.0.2 Daemon Server] - 2025-11-09T16:39:56.927Z - Time taken for 'total for creating and serializing project graph' 14.83459700000003ms
[NX v22.0.2 Daemon Server] - 2025-11-09T16:39:56.936Z - Done responding to the client project-graph
[NX v22.0.2 Daemon Server] - 2025-11-09T16:39:56.937Z - Handled json message REQUEST_PROJECT_GRAPH. Handling time: 15. Response time: 13.
[NX v22.0.2 Daemon Server] - 2025-11-09T16:39:56.957Z - [REQUEST]: Client Request for Project Graph Received
[NX v22.0.2 Daemon Server] - 2025-11-09T16:39:56.957Z - Reusing in-memory cached project graph because no files changed.
[NX v22.0.2 Daemon Server] - 2025-11-09T16:39:56.987Z - Wrote project graph cache to /home/saint/Documents/Sematica/.nx/workspace-data/project-graph.json
[NX v22.0.2 Daemon Server] - 2025-11-09T16:39:56.987Z - [REQUEST]: Responding to the client. project-graph
[NX v22.0.2 Daemon Server] - 2025-11-09T16:39:56.989Z - Time taken for 'total for creating and serializing project graph' 30.549015999999938ms
[NX v22.0.2 Daemon Server] - 2025-11-09T16:39:57.008Z - Done responding to the client project-graph
[NX v22.0.2 Daemon Server] - 2025-11-09T16:39:57.008Z - Handled json message REQUEST_PROJECT_GRAPH. Handling time: 30. Response time: 21.
[NX v22.0.2 Daemon Server] - 2025-11-09T16:39:57.024Z - Established a connection. Number of open connections: 4
[NX v22.0.2 Daemon Server] - 2025-11-09T16:45:59.956Z - [WATCHER]: core/src/lib/core.ts was deleted
[NX v22.0.2 Daemon Server] - 2025-11-09T16:45:59.962Z - [REQUEST]: Responding to the client. File watch changed
[NX v22.0.2 Daemon Server] - 2025-11-09T16:45:59.964Z - Done responding to the client File watch changed
[NX v22.0.2 Daemon Server] - 2025-11-09T16:45:59.964Z - Handled json message FILE-WATCH-CHANGED. Handling time: 1. Response time: 2.
[NX v22.0.2 Daemon Server] - 2025-11-09T16:45:59.965Z - [WATCHER]: Processing file changes in outputs
[NX v22.0.2 Daemon Server] - 2025-11-09T16:45:59.968Z - Time taken for 'changed-projects' 0.5048030000180006ms
[NX v22.0.2 Daemon Server] - 2025-11-09T16:46:00.064Z - [REQUEST]: Updated workspace context based on watched changes, recomputing project graph...
[NX v22.0.2 Daemon Server] - 2025-11-09T16:46:00.065Z - [REQUEST]: 
[NX v22.0.2 Daemon Server] - 2025-11-09T16:46:00.065Z - [REQUEST]: core/src/lib/core.ts
[NX v22.0.2 Daemon Server] - 2025-11-09T16:46:00.120Z - Time taken for 'hash changed files from watcher' 0.3966110000037588ms
Time for '@nx/js/typescript:createNodes' 12.392968000029214
Time for 'nx/core/project-json:createNodes' 4.046449000015855
[NX v22.0.2 Daemon Server] - 2025-11-09T16:46:00.137Z - [REQUEST]: Responding to the client. handleHashGlob
[NX v22.0.2 Daemon Server] - 2025-11-09T16:46:00.137Z - Done responding to the client handleHashGlob
[NX v22.0.2 Daemon Server] - 2025-11-09T16:46:00.137Z - Handled json message HASH_GLOB. Handling time: 6. Response time: 0.
Time for '@nx/js/typescript:createNodes' 23.406661999993958
Time for 'nx/core/package-json:createNodes' 19.32573899999261
Time for 'total for sendMessageToDaemon()' 24.686217000009492
Time for 'deserialize daemon response' 0.038579999993089586
[NX v22.0.2 Daemon Server] - 2025-11-09T16:46:00.151Z - [REQUEST]: Responding to the client. handleHashGlob
[NX v22.0.2 Daemon Server] - 2025-11-09T16:46:00.153Z - Done responding to the client handleHashGlob
[NX v22.0.2 Daemon Server] - 2025-11-09T16:46:00.153Z - Handled json message HASH_GLOB. Handling time: 3. Response time: 2.
Time for 'nx/js/dependencies-and-lockfile:createNodes' 33.145734999969136
Time for '@nx/next/plugin:createNodes' 48.03123299998697
Time for 'total for sendMessageToDaemon()' 9.972591000027023
Time for 'deserialize daemon response' 0.039748999988660216
[NX v22.0.2 Daemon Server] - 2025-11-09T16:46:00.221Z - Time taken for 'build-project-configs' 76.16824700002326ms
[NX v22.0.2 Daemon Server] - 2025-11-09T16:46:00.234Z - Time taken for '@nx/js/typescript:createDependencies' 28.458534999983385ms
[NX v22.0.2 Daemon Server] - 2025-11-09T16:46:00.251Z - Time taken for '@nx/js/typescript:createDependencies' 45.666574999981094ms
Time for 'build typescript dependencies' 0.23733499995432794
[NX v22.0.2 Daemon Server] - 2025-11-09T16:46:00.363Z - [SYNC]: collect registered sync generators
[NX v22.0.2 Daemon Server] - 2025-11-09T16:46:00.366Z - [SYNC]: project graph hash is the same, not collecting task sync generators
[NX v22.0.2 Daemon Server] - 2025-11-09T16:46:00.367Z - [SYNC]: nx.json hash is the same, not collecting global sync generators
[NX v22.0.2 Daemon Server] - 2025-11-09T16:46:00.367Z - [SYNC]: scheduling: ["@nx/js:typescript-sync"]
[NX v22.0.2 Daemon Server] - 2025-11-09T16:46:00.367Z - Time taken for 'total execution time for createProjectGraph()' 153.01232400001027ms
[NX v22.0.2 Daemon Server] - 2025-11-09T16:46:00.567Z - [SYNC]: running scheduled generator @nx/js:typescript-sync
[NX v22.0.2 Daemon Server] - 2025-11-09T16:46:00.589Z - [REQUEST]: Client Request for Project Graph Received
[NX v22.0.2 Daemon Server] - 2025-11-09T16:46:00.589Z - Reusing in-memory cached project graph because no files changed.
[NX v22.0.2 Daemon Server] - 2025-11-09T16:46:00.654Z - Wrote project graph cache to /home/saint/Documents/Sematica/.nx/workspace-data/project-graph.json
[NX v22.0.2 Daemon Server] - 2025-11-09T16:46:00.655Z - [REQUEST]: Responding to the client. project-graph
[NX v22.0.2 Daemon Server] - 2025-11-09T16:46:00.660Z - Time taken for 'total for creating and serializing project graph' 65.99625899997773ms
[NX v22.0.2 Daemon Server] - 2025-11-09T16:46:00.692Z - Done responding to the client project-graph
[NX v22.0.2 Daemon Server] - 2025-11-09T16:46:00.693Z - Handled json message REQUEST_PROJECT_GRAPH. Handling time: 66. Response time: 38.
[NX v22.0.2 Daemon Server] - 2025-11-09T16:46:00.752Z - [SYNC]: @nx/js:typescript-sync changes: 
[NX v22.0.2 Daemon Server] - 2025-11-09T16:46:00.752Z - Time taken for 'run-sync-generator:@nx/js:typescript-sync' 184.91116899996996ms
[NX v22.0.2 Daemon Server] - 2025-11-09T16:46:11.024Z - Established a connection. Number of open connections: 5
[NX v22.0.2 Daemon Server] - 2025-11-09T16:46:11.031Z - [REQUEST]: Client Request for Project Graph Received
[NX v22.0.2 Daemon Server] - 2025-11-09T16:46:11.034Z - Reusing in-memory cached project graph because no files changed.
[NX v22.0.2 Daemon Server] - 2025-11-09T16:46:11.068Z - Wrote project graph cache to /home/saint/Documents/Sematica/.nx/workspace-data/project-graph.json
[NX v22.0.2 Daemon Server] - 2025-11-09T16:46:11.068Z - [REQUEST]: Responding to the client. project-graph
[NX v22.0.2 Daemon Server] - 2025-11-09T16:46:11.073Z - Time taken for 'total for creating and serializing project graph' 36.70583400002215ms
[NX v22.0.2 Daemon Server] - 2025-11-09T16:46:11.073Z - Closed a connection. Number of open connections: 4
[NX v22.0.2 Daemon Server] - 2025-11-09T16:46:11.091Z - Done responding to the client project-graph
[NX v22.0.2 Daemon Server] - 2025-11-09T16:46:11.091Z - Handled json message REQUEST_PROJECT_GRAPH. Handling time: 37. Response time: 23.
[NX v22.0.2 Daemon Server] - 2025-11-09T16:46:11.139Z - [REQUEST]: Responding to the client. handleContextFileData
[NX v22.0.2 Daemon Server] - 2025-11-09T16:46:11.140Z - Done responding to the client handleContextFileData
[NX v22.0.2 Daemon Server] - 2025-11-09T16:46:11.141Z - Handled json message GET_CONTEXT_FILE_DATA. Handling time: 1. Response time: 2.
[NX v22.0.2 Daemon Server] - 2025-11-09T16:46:11.148Z - Closed a connection. Number of open connections: 3
[NX v22.0.2 Daemon Server] - 2025-11-09T16:46:11.260Z - [WATCHER]: Processing file changes in outputs
[NX v22.0.2 Daemon Server] - 2025-11-09T16:46:11.262Z - [WATCHER]: 4 file(s) created or restored, 0 file(s) modified, 0 file(s) deleted
[NX v22.0.2 Daemon Server] - 2025-11-09T16:46:11.317Z - [WATCHER]: 5 file(s) created or restored, 1 file(s) modified, 0 file(s) deleted
[NX v22.0.2 Daemon Server] - 2025-11-09T16:46:11.319Z - [REQUEST]: Responding to the client. File watch changed
[NX v22.0.2 Daemon Server] - 2025-11-09T16:46:11.320Z - Done responding to the client File watch changed
[NX v22.0.2 Daemon Server] - 2025-11-09T16:46:11.320Z - Handled json message FILE-WATCH-CHANGED. Handling time: 0. Response time: 1.
[NX v22.0.2 Daemon Server] - 2025-11-09T16:46:11.320Z - [WATCHER]: Processing file changes in outputs
[NX v22.0.2 Daemon Server] - 2025-11-09T16:46:11.321Z - Time taken for 'changed-projects' 1.9554559999960475ms
[NX v22.0.2 Daemon Server] - 2025-11-09T16:46:11.365Z - [REQUEST]: Updated workspace context based on watched changes, recomputing project graph...
[NX v22.0.2 Daemon Server] - 2025-11-09T16:46:11.366Z - [REQUEST]: core/src/handle-api-error.function.ts,core/src/email.model.ts,core/src/fetch-params.model.ts,core/src/email-and-password.model.ts,core/src/password.model.ts,core/src/kv.model.ts,core/src/page.model.ts,core/src/user.model.ts,core/src/user-id-and-password.model.ts
[NX v22.0.2 Daemon Server] - 2025-11-09T16:46:11.366Z - [REQUEST]: 
Time for '@nx/js/typescript:createNodes' 17.718868999974802
Time for '@nx/js/typescript:createNodes' 18.692449999973178
Time for 'nx/core/project-json:createNodes' 0.7076099999831058
Time for 'nx/js/dependencies-and-lockfile:createNodes' 22.16271499998402
[NX v22.0.2 Daemon Server] - 2025-11-09T16:46:11.419Z - [WATCHER]: 3 file(s) created or restored, 0 file(s) modified, 0 file(s) deleted
[NX v22.0.2 Daemon Server] - 2025-11-09T16:46:11.419Z - [WATCHER]: Processing file changes in outputs
[NX v22.0.2 Daemon Server] - 2025-11-09T16:46:11.421Z - [REQUEST]: Responding to the client. handleHashGlob
[NX v22.0.2 Daemon Server] - 2025-11-09T16:46:11.421Z - Done responding to the client handleHashGlob
[NX v22.0.2 Daemon Server] - 2025-11-09T16:46:11.421Z - Handled json message HASH_GLOB. Handling time: 1. Response time: 0.
[NX v22.0.2 Daemon Server] - 2025-11-09T16:46:11.423Z - Time taken for 'hash changed files from watcher' 1.590334000007715ms
Time for 'total for sendMessageToDaemon()' 36.7792639999534
Time for 'deserialize daemon response' 0.04609099996741861
Time for 'nx/core/package-json:createNodes' 26.079086999990977
[NX v22.0.2 Daemon Server] - 2025-11-09T16:46:11.437Z - [REQUEST]: Responding to the client. handleHashGlob
[NX v22.0.2 Daemon Server] - 2025-11-09T16:46:11.437Z - Done responding to the client handleHashGlob
[NX v22.0.2 Daemon Server] - 2025-11-09T16:46:11.437Z - Handled json message HASH_GLOB. Handling time: 3. Response time: 0.
Time for '@nx/next/plugin:createNodes' 59.368599999987055
Time for 'total for sendMessageToDaemon()' 13.045597999996971
Time for 'deserialize daemon response' 0.06244799995329231
[NX v22.0.2 Daemon Server] - 2025-11-09T16:46:11.479Z - Time taken for 'build-project-configs' 69.10539199999766ms
[NX v22.0.2 Daemon Server] - 2025-11-09T16:46:11.489Z - Time taken for '@nx/js/typescript:createDependencies' 22.535631000006106ms
[NX v22.0.2 Daemon Server] - 2025-11-09T16:46:11.494Z - Time taken for '@nx/js/typescript:createDependencies' 28.025453000038397ms
[NX v22.0.2 Daemon Server] - 2025-11-09T16:46:11.521Z - [REQUEST]: Updated workspace context based on watched changes, recomputing project graph...
[NX v22.0.2 Daemon Server] - 2025-11-09T16:46:11.521Z - [REQUEST]: 
[NX v22.0.2 Daemon Server] - 2025-11-09T16:46:11.521Z - [REQUEST]: 
Time for '@nx/js/typescript:createNodes' 9.63706799998181
Time for '@nx/js/typescript:createNodes' 7.028016000054777
Time for 'nx/core/project-json:createNodes' 0.34787300002062693
[NX v22.0.2 Daemon Server] - 2025-11-09T16:46:11.568Z - [REQUEST]: Responding to the client. handleHashGlob
[NX v22.0.2 Daemon Server] - 2025-11-09T16:46:11.569Z - Done responding to the client handleHashGlob
[NX v22.0.2 Daemon Server] - 2025-11-09T16:46:11.569Z - Handled json message HASH_GLOB. Handling time: 8. Response time: 1.
Time for 'total for sendMessageToDaemon()' 25.057700000004843
Time for 'deserialize daemon response' 0.03933100000722334
[NX v22.0.2 Daemon Server] - 2025-11-09T16:46:11.572Z - Time taken for 'hash changed files from watcher' 0.1828309999546036ms
Time for 'nx/core/package-json:createNodes' 15.23562699998729
[NX v22.0.2 Daemon Server] - 2025-11-09T16:46:11.575Z - [REQUEST]: Responding to the client. handleHashGlob
[NX v22.0.2 Daemon Server] - 2025-11-09T16:46:11.576Z - Done responding to the client handleHashGlob
[NX v22.0.2 Daemon Server] - 2025-11-09T16:46:11.577Z - Handled json message HASH_GLOB. Handling time: 2. Response time: 2.
[NX v22.0.2 Daemon Server] - 2025-11-09T16:46:11.578Z - Closed a connection. Number of open connections: 2
Time for '@nx/next/plugin:createNodes' 38.91774499998428
Time for 'total for sendMessageToDaemon()' 5.560743999958504
Time for 'deserialize daemon response' 0.0454850000096485
[NX v22.0.2 Daemon Server] - 2025-11-09T16:46:11.585Z - Established a connection. Number of open connections: 3
[NX v22.0.2 Daemon Server] - 2025-11-09T16:46:11.586Z - Closed a connection. Number of open connections: 2
[NX v22.0.2 Daemon Server] - 2025-11-09T16:46:11.586Z - Established a connection. Number of open connections: 3
[NX v22.0.2 Daemon Server] - 2025-11-09T16:46:11.587Z - Closed a connection. Number of open connections: 2
[NX v22.0.2 Daemon Server] - 2025-11-09T16:46:11.587Z - Established a connection. Number of open connections: 3
[NX v22.0.2 Daemon Server] - 2025-11-09T16:46:11.589Z - [REQUEST]: Client Request for Project Graph Received
[NX v22.0.2 Daemon Server] - 2025-11-09T16:46:11.590Z - Reusing in-memory cached project graph because no files changed.
Time for 'build typescript dependencies' 633.5348200000008
Time for 'nx/js/dependencies-and-lockfile:createNodes' 11.945363000035286
[NX v22.0.2 Daemon Server] - 2025-11-09T16:46:12.189Z - [SYNC]: collect registered sync generators
[NX v22.0.2 Daemon Server] - 2025-11-09T16:46:12.190Z - [SYNC]: project graph hash is the same, not collecting task sync generators
[NX v22.0.2 Daemon Server] - 2025-11-09T16:46:12.190Z - [SYNC]: nx.json hash is the same, not collecting global sync generators
[NX v22.0.2 Daemon Server] - 2025-11-09T16:46:12.190Z - [SYNC]: scheduling: ["@nx/js:typescript-sync"]
[NX v22.0.2 Daemon Server] - 2025-11-09T16:46:12.191Z - Time taken for 'total execution time for createProjectGraph()' 732.981054999982ms
[NX v22.0.2 Daemon Server] - 2025-11-09T16:46:12.248Z - Time taken for 'build-project-configs' 673.7128529999754ms
[NX v22.0.2 Daemon Server] - 2025-11-09T16:46:12.270Z - Time taken for '@nx/js/typescript:createDependencies' 37.41458400001284ms
[NX v22.0.2 Daemon Server] - 2025-11-09T16:46:12.286Z - Time taken for '@nx/js/typescript:createDependencies' 53.17083499999717ms
Time for 'build typescript dependencies' 0.06718600000021979
[NX v22.0.2 Daemon Server] - 2025-11-09T16:46:12.305Z - [SYNC]: collect registered sync generators
[NX v22.0.2 Daemon Server] - 2025-11-09T16:46:12.306Z - [SYNC]: project graph hash is the same, not collecting task sync generators
[NX v22.0.2 Daemon Server] - 2025-11-09T16:46:12.306Z - [SYNC]: nx.json hash is the same, not collecting global sync generators
[NX v22.0.2 Daemon Server] - 2025-11-09T16:46:12.306Z - [SYNC]: scheduling: ["@nx/js:typescript-sync"]
[NX v22.0.2 Daemon Server] - 2025-11-09T16:46:12.320Z - Wrote project graph cache to /home/saint/Documents/Sematica/.nx/workspace-data/project-graph.json
[NX v22.0.2 Daemon Server] - 2025-11-09T16:46:12.321Z - [REQUEST]: Responding to the client. project-graph
[NX v22.0.2 Daemon Server] - 2025-11-09T16:46:12.322Z - Time taken for 'total for creating and serializing project graph' 731.4075510000112ms
[NX v22.0.2 Daemon Server] - 2025-11-09T16:46:12.324Z - Done responding to the client project-graph
[NX v22.0.2 Daemon Server] - 2025-11-09T16:46:12.324Z - Handled json message REQUEST_PROJECT_GRAPH. Handling time: 732. Response time: 3.
[NX v22.0.2 Daemon Server] - 2025-11-09T16:46:12.334Z - [REQUEST]: Client Request for Project Graph Received
[NX v22.0.2 Daemon Server] - 2025-11-09T16:46:12.335Z - Reusing in-memory cached project graph because no files changed.
[NX v22.0.2 Daemon Server] - 2025-11-09T16:46:12.351Z - Wrote project graph cache to /home/saint/Documents/Sematica/.nx/workspace-data/project-graph.json
[NX v22.0.2 Daemon Server] - 2025-11-09T16:46:12.352Z - [REQUEST]: Responding to the client. project-graph
[NX v22.0.2 Daemon Server] - 2025-11-09T16:46:12.354Z - Time taken for 'total for creating and serializing project graph' 17.93924599996535ms
[NX v22.0.2 Daemon Server] - 2025-11-09T16:46:12.357Z - Done responding to the client project-graph
[NX v22.0.2 Daemon Server] - 2025-11-09T16:46:12.357Z - Handled json message REQUEST_PROJECT_GRAPH. Handling time: 18. Response time: 5.
[NX v22.0.2 Daemon Server] - 2025-11-09T16:46:12.374Z - Established a connection. Number of open connections: 4
[NX v22.0.2 Daemon Server] - 2025-11-09T16:46:12.591Z - [SYNC]: running scheduled generator @nx/js:typescript-sync
[NX v22.0.2 Daemon Server] - 2025-11-09T16:46:12.597Z - [REQUEST]: Client Request for Project Graph Received
[NX v22.0.2 Daemon Server] - 2025-11-09T16:46:12.598Z - Reusing in-memory cached project graph because no files changed.
[NX v22.0.2 Daemon Server] - 2025-11-09T16:46:12.611Z - Wrote project graph cache to /home/saint/Documents/Sematica/.nx/workspace-data/project-graph.json
[NX v22.0.2 Daemon Server] - 2025-11-09T16:46:12.612Z - [REQUEST]: Responding to the client. project-graph
[NX v22.0.2 Daemon Server] - 2025-11-09T16:46:12.614Z - Time taken for 'total for creating and serializing project graph' 14.69216299999971ms
[NX v22.0.2 Daemon Server] - 2025-11-09T16:46:12.629Z - Done responding to the client project-graph
[NX v22.0.2 Daemon Server] - 2025-11-09T16:46:12.629Z - Handled json message REQUEST_PROJECT_GRAPH. Handling time: 15. Response time: 17.
[NX v22.0.2 Daemon Server] - 2025-11-09T16:46:12.681Z - [SYNC]: @nx/js:typescript-sync changes: 
[NX v22.0.2 Daemon Server] - 2025-11-09T16:46:12.683Z - Time taken for 'run-sync-generator:@nx/js:typescript-sync' 89.6454350000131ms
[NX v22.0.2 Daemon Server] - 2025-11-09T16:46:19.721Z - [WATCHER]: core/src/index.ts was created or restored
[NX v22.0.2 Daemon Server] - 2025-11-09T16:46:19.728Z - [WATCHER]: Processing file changes in outputs
[NX v22.0.2 Daemon Server] - 2025-11-09T16:46:19.827Z - [REQUEST]: Updated workspace context based on watched changes, recomputing project graph...
[NX v22.0.2 Daemon Server] - 2025-11-09T16:46:19.828Z - [REQUEST]: core/src/index.ts
[NX v22.0.2 Daemon Server] - 2025-11-09T16:46:19.832Z - [REQUEST]: 
Time for '@nx/js/typescript:createNodes' 34.97270300000673
Time for 'nx/core/project-json:createNodes' 0.26282100001117215
[NX v22.0.2 Daemon Server] - 2025-11-09T16:46:19.909Z - [REQUEST]: Responding to the client. handleHashGlob
[NX v22.0.2 Daemon Server] - 2025-11-09T16:46:19.910Z - Done responding to the client handleHashGlob
[NX v22.0.2 Daemon Server] - 2025-11-09T16:46:19.910Z - Handled json message HASH_GLOB. Handling time: 11. Response time: 1.
[NX v22.0.2 Daemon Server] - 2025-11-09T16:46:19.910Z - Time taken for 'hash changed files from watcher' 2.2549200000357814ms
Time for '@nx/js/typescript:createNodes' 34.401387999998406
Time for 'nx/core/package-json:createNodes' 23.782347000029404
Time for 'total for sendMessageToDaemon()' 25.841093999973964
Time for 'deserialize daemon response' 0.0935009999666363
[NX v22.0.2 Daemon Server] - 2025-11-09T16:46:19.932Z - [REQUEST]: Responding to the client. handleHashGlob
[NX v22.0.2 Daemon Server] - 2025-11-09T16:46:19.932Z - Done responding to the client handleHashGlob
[NX v22.0.2 Daemon Server] - 2025-11-09T16:46:19.933Z - Handled json message HASH_GLOB. Handling time: 10. Response time: 1.
Time for '@nx/next/plugin:createNodes' 63.720346999994945
Time for 'total for sendMessageToDaemon()' 16.511698000016622
Time for 'deserialize daemon response' 0.05942000000504777
Time for 'nx/js/dependencies-and-lockfile:createNodes' 58.588199999998324
[NX v22.0.2 Daemon Server] - 2025-11-09T16:46:20.017Z - Time taken for 'build-project-configs' 121.94557099998929ms
[NX v22.0.2 Daemon Server] - 2025-11-09T16:46:20.026Z - Time taken for '@nx/js/typescript:createDependencies' 19.747689999989234ms
[NX v22.0.2 Daemon Server] - 2025-11-09T16:46:20.027Z - Time taken for '@nx/js/typescript:createDependencies' 20.412057999987155ms
Time for 'build typescript dependencies' 9.428591000032611
[NX v22.0.2 Daemon Server] - 2025-11-09T16:46:20.087Z - [SYNC]: collect registered sync generators
[NX v22.0.2 Daemon Server] - 2025-11-09T16:46:20.088Z - [SYNC]: project graph hash is the same, not collecting task sync generators
[NX v22.0.2 Daemon Server] - 2025-11-09T16:46:20.088Z - [SYNC]: nx.json hash is the same, not collecting global sync generators
[NX v22.0.2 Daemon Server] - 2025-11-09T16:46:20.088Z - [SYNC]: scheduling: ["@nx/js:typescript-sync"]
[NX v22.0.2 Daemon Server] - 2025-11-09T16:46:20.089Z - [REQUEST]: Responding to the client. File watch changed
[NX v22.0.2 Daemon Server] - 2025-11-09T16:46:20.090Z - Done responding to the client File watch changed
[NX v22.0.2 Daemon Server] - 2025-11-09T16:46:20.090Z - Handled json message FILE-WATCH-CHANGED. Handling time: 0. Response time: 1.
[NX v22.0.2 Daemon Server] - 2025-11-09T16:46:20.090Z - Time taken for 'total execution time for createProjectGraph()' 102.01862199994503ms
[NX v22.0.2 Daemon Server] - 2025-11-09T16:46:20.888Z - [SYNC]: running scheduled generator @nx/js:typescript-sync
[NX v22.0.2 Daemon Server] - 2025-11-09T16:46:20.894Z - [REQUEST]: Client Request for Project Graph Received
[NX v22.0.2 Daemon Server] - 2025-11-09T16:46:20.895Z - Reusing in-memory cached project graph because no files changed.
[NX v22.0.2 Daemon Server] - 2025-11-09T16:46:20.919Z - Wrote project graph cache to /home/saint/Documents/Sematica/.nx/workspace-data/project-graph.json
[NX v22.0.2 Daemon Server] - 2025-11-09T16:46:20.920Z - [REQUEST]: Responding to the client. project-graph
[NX v22.0.2 Daemon Server] - 2025-11-09T16:46:20.925Z - Time taken for 'total for creating and serializing project graph' 25.75318599998718ms
[NX v22.0.2 Daemon Server] - 2025-11-09T16:46:20.942Z - Done responding to the client project-graph
[NX v22.0.2 Daemon Server] - 2025-11-09T16:46:20.942Z - Handled json message REQUEST_PROJECT_GRAPH. Handling time: 26. Response time: 22.
[NX v22.0.2 Daemon Server] - 2025-11-09T16:46:20.970Z - [SYNC]: @nx/js:typescript-sync changes: 
[NX v22.0.2 Daemon Server] - 2025-11-09T16:46:20.971Z - Time taken for 'run-sync-generator:@nx/js:typescript-sync' 81.38698199996725ms
[NX v22.0.2 Daemon Server] - 2025-11-09T16:46:31.114Z - Established a connection. Number of open connections: 5
[NX v22.0.2 Daemon Server] - 2025-11-09T16:46:31.117Z - [REQUEST]: Client Request for Project Graph Received
[NX v22.0.2 Daemon Server] - 2025-11-09T16:46:31.118Z - Reusing in-memory cached project graph because no files changed.
[NX v22.0.2 Daemon Server] - 2025-11-09T16:46:31.145Z - Wrote project graph cache to /home/saint/Documents/Sematica/.nx/workspace-data/project-graph.json
[NX v22.0.2 Daemon Server] - 2025-11-09T16:46:31.146Z - [REQUEST]: Responding to the client. project-graph
[NX v22.0.2 Daemon Server] - 2025-11-09T16:46:31.154Z - Time taken for 'total for creating and serializing project graph' 28.66142200003378ms
[NX v22.0.2 Daemon Server] - 2025-11-09T16:46:31.154Z - Closed a connection. Number of open connections: 4
[NX v22.0.2 Daemon Server] - 2025-11-09T16:46:31.161Z - Done responding to the client project-graph
[NX v22.0.2 Daemon Server] - 2025-11-09T16:46:31.162Z - Handled json message REQUEST_PROJECT_GRAPH. Handling time: 29. Response time: 16.
[NX v22.0.2 Daemon Server] - 2025-11-09T16:46:31.189Z - [REQUEST]: Responding to the client. handleContextFileData
[NX v22.0.2 Daemon Server] - 2025-11-09T16:46:31.191Z - Done responding to the client handleContextFileData
[NX v22.0.2 Daemon Server] - 2025-11-09T16:46:31.191Z - Handled json message GET_CONTEXT_FILE_DATA. Handling time: 1. Response time: 2.
[NX v22.0.2 Daemon Server] - 2025-11-09T16:46:31.193Z - Closed a connection. Number of open connections: 3
[NX v22.0.2 Daemon Server] - 2025-11-09T16:46:31.480Z - Closed a connection. Number of open connections: 2
[NX v22.0.2 Daemon Server] - 2025-11-09T16:46:31.488Z - Established a connection. Number of open connections: 3
[NX v22.0.2 Daemon Server] - 2025-11-09T16:46:31.488Z - Established a connection. Number of open connections: 4
[NX v22.0.2 Daemon Server] - 2025-11-09T16:46:31.490Z - Closed a connection. Number of open connections: 3
[NX v22.0.2 Daemon Server] - 2025-11-09T16:46:31.490Z - Established a connection. Number of open connections: 4
[NX v22.0.2 Daemon Server] - 2025-11-09T16:46:31.491Z - Closed a connection. Number of open connections: 3
[NX v22.0.2 Daemon Server] - 2025-11-09T16:46:31.493Z - [REQUEST]: Client Request for Project Graph Received
[NX v22.0.2 Daemon Server] - 2025-11-09T16:46:31.494Z - Reusing in-memory cached project graph because no files changed.
[NX v22.0.2 Daemon Server] - 2025-11-09T16:46:31.519Z - Wrote project graph cache to /home/saint/Documents/Sematica/.nx/workspace-data/project-graph.json
[NX v22.0.2 Daemon Server] - 2025-11-09T16:46:31.520Z - [REQUEST]: Responding to the client. project-graph
[NX v22.0.2 Daemon Server] - 2025-11-09T16:46:31.523Z - Time taken for 'total for creating and serializing project graph' 26.75268600002164ms
[NX v22.0.2 Daemon Server] - 2025-11-09T16:46:31.532Z - Done responding to the client project-graph
[NX v22.0.2 Daemon Server] - 2025-11-09T16:46:31.532Z - Handled json message REQUEST_PROJECT_GRAPH. Handling time: 26. Response time: 13.
[NX v22.0.2 Daemon Server] - 2025-11-09T16:46:31.554Z - [REQUEST]: Client Request for Project Graph Received
[NX v22.0.2 Daemon Server] - 2025-11-09T16:46:31.555Z - Reusing in-memory cached project graph because no files changed.
[NX v22.0.2 Daemon Server] - 2025-11-09T16:46:31.590Z - Wrote project graph cache to /home/saint/Documents/Sematica/.nx/workspace-data/project-graph.json
[NX v22.0.2 Daemon Server] - 2025-11-09T16:46:31.591Z - [REQUEST]: Responding to the client. project-graph
[NX v22.0.2 Daemon Server] - 2025-11-09T16:46:31.599Z - Time taken for 'total for creating and serializing project graph' 36.50791099999333ms
[NX v22.0.2 Daemon Server] - 2025-11-09T16:46:31.604Z - Done responding to the client project-graph
[NX v22.0.2 Daemon Server] - 2025-11-09T16:46:31.605Z - Handled json message REQUEST_PROJECT_GRAPH. Handling time: 37. Response time: 14.
[NX v22.0.2 Daemon Server] - 2025-11-09T16:46:31.626Z - Established a connection. Number of open connections: 4
[NX v22.0.2 Daemon Server] - 2025-11-09T16:48:45.615Z - [WATCHER]: knex/src/lib/knex.ts was deleted
[NX v22.0.2 Daemon Server] - 2025-11-09T16:48:45.623Z - [REQUEST]: Responding to the client. File watch changed
[NX v22.0.2 Daemon Server] - 2025-11-09T16:48:45.623Z - Done responding to the client File watch changed
[NX v22.0.2 Daemon Server] - 2025-11-09T16:48:45.624Z - Handled json message FILE-WATCH-CHANGED. Handling time: 0. Response time: 1.
[NX v22.0.2 Daemon Server] - 2025-11-09T16:48:45.624Z - [WATCHER]: Processing file changes in outputs
[NX v22.0.2 Daemon Server] - 2025-11-09T16:48:45.625Z - Time taken for 'changed-projects' 0.2635040000313893ms
[NX v22.0.2 Daemon Server] - 2025-11-09T16:48:45.726Z - [REQUEST]: Updated workspace context based on watched changes, recomputing project graph...
[NX v22.0.2 Daemon Server] - 2025-11-09T16:48:45.726Z - [REQUEST]: 
[NX v22.0.2 Daemon Server] - 2025-11-09T16:48:45.726Z - [REQUEST]: knex/src/lib/knex.ts
Time for '@nx/js/typescript:createNodes' 18.76610000000801
Time for '@nx/js/typescript:createNodes' 42.80212099989876
Time for 'nx/js/dependencies-and-lockfile:createNodes' 23.899243000079878
Time for 'nx/core/project-json:createNodes' 0.3768870000494644
[NX v22.0.2 Daemon Server] - 2025-11-09T16:48:45.817Z - [REQUEST]: Responding to the client. handleHashGlob
[NX v22.0.2 Daemon Server] - 2025-11-09T16:48:45.817Z - Done responding to the client handleHashGlob
[NX v22.0.2 Daemon Server] - 2025-11-09T16:48:45.817Z - Handled json message HASH_GLOB. Handling time: 34. Response time: 0.
[NX v22.0.2 Daemon Server] - 2025-11-09T16:48:45.817Z - Time taken for 'hash changed files from watcher' 0.5558009999804199ms
Time for 'total for sendMessageToDaemon()' 62.09249800001271
Time for 'deserialize daemon response' 0.03720299992710352
Time for 'nx/core/package-json:createNodes' 29.89866200007964
[NX v22.0.2 Daemon Server] - 2025-11-09T16:48:45.839Z - [REQUEST]: Responding to the client. handleHashGlob
[NX v22.0.2 Daemon Server] - 2025-11-09T16:48:45.839Z - Done responding to the client handleHashGlob
[NX v22.0.2 Daemon Server] - 2025-11-09T16:48:45.839Z - Handled json message HASH_GLOB. Handling time: 2. Response time: 0.
Time for '@nx/next/plugin:createNodes' 89.24664399994072
Time for 'total for sendMessageToDaemon()' 18.538559000007808
Time for 'deserialize daemon response' 0.03888000000733882
[NX v22.0.2 Daemon Server] - 2025-11-09T16:48:45.892Z - Time taken for 'build-project-configs' 108.38058400002774ms
[NX v22.0.2 Daemon Server] - 2025-11-09T16:48:45.911Z - Time taken for '@nx/js/typescript:createDependencies' 36.315104000037536ms
Time for 'build typescript dependencies' 0.03979700000490993
[NX v22.0.2 Daemon Server] - 2025-11-09T16:48:45.955Z - [SYNC]: collect registered sync generators
[NX v22.0.2 Daemon Server] - 2025-11-09T16:48:45.956Z - [SYNC]: project graph hash is the same, not collecting task sync generators
[NX v22.0.2 Daemon Server] - 2025-11-09T16:48:45.956Z - [SYNC]: nx.json hash is the same, not collecting global sync generators
[NX v22.0.2 Daemon Server] - 2025-11-09T16:48:45.956Z - [SYNC]: scheduling: ["@nx/js:typescript-sync"]
[NX v22.0.2 Daemon Server] - 2025-11-09T16:48:45.956Z - Time taken for 'total execution time for createProjectGraph()' 97.82152599992696ms
[NX v22.0.2 Daemon Server] - 2025-11-09T16:48:47.558Z - [SYNC]: running scheduled generator @nx/js:typescript-sync
[NX v22.0.2 Daemon Server] - 2025-11-09T16:48:47.560Z - [REQUEST]: Client Request for Project Graph Received
[NX v22.0.2 Daemon Server] - 2025-11-09T16:48:47.561Z - Reusing in-memory cached project graph because no files changed.
[NX v22.0.2 Daemon Server] - 2025-11-09T16:48:47.598Z - Wrote project graph cache to /home/saint/Documents/Sematica/.nx/workspace-data/project-graph.json
[NX v22.0.2 Daemon Server] - 2025-11-09T16:48:47.599Z - [REQUEST]: Responding to the client. project-graph
[NX v22.0.2 Daemon Server] - 2025-11-09T16:48:47.616Z - Time taken for 'total for creating and serializing project graph' 38.4201330000069ms
[NX v22.0.2 Daemon Server] - 2025-11-09T16:48:47.697Z - Done responding to the client project-graph
[NX v22.0.2 Daemon Server] - 2025-11-09T16:48:47.703Z - Handled json message REQUEST_PROJECT_GRAPH. Handling time: 39. Response time: 104.
[NX v22.0.2 Daemon Server] - 2025-11-09T16:48:47.731Z - [SYNC]: @nx/js:typescript-sync changes: 
[NX v22.0.2 Daemon Server] - 2025-11-09T16:48:47.732Z - Time taken for 'run-sync-generator:@nx/js:typescript-sync' 173.01321100001223ms
[NX v22.0.2 Daemon Server] - 2025-11-09T16:48:53.055Z - [WATCHER]: Processing file changes in outputs
[NX v22.0.2 Daemon Server] - 2025-11-09T16:48:53.058Z - [WATCHER]: 3 file(s) created or restored, 0 file(s) modified, 0 file(s) deleted
[NX v22.0.2 Daemon Server] - 2025-11-09T16:48:53.120Z - [WATCHER]: Processing file changes in outputs
[NX v22.0.2 Daemon Server] - 2025-11-09T16:48:53.124Z - [WATCHER]: 2 file(s) created or restored, 0 file(s) modified, 0 file(s) deleted
[NX v22.0.2 Daemon Server] - 2025-11-09T16:48:53.166Z - [REQUEST]: Updated workspace context based on watched changes, recomputing project graph...
[NX v22.0.2 Daemon Server] - 2025-11-09T16:48:53.171Z - [REQUEST]: knex/src/create-database.function.ts,knex/src/create-database-config.function.ts,knex/src/create-bcrypt-hash.function.ts,knex/src/table-names.ts,knex/src/database-config.model.ts
[NX v22.0.2 Daemon Server] - 2025-11-09T16:48:53.172Z - [REQUEST]: 
Time for 'nx/core/project-json:createNodes' 0.5561749999178573
[NX v22.0.2 Daemon Server] - 2025-11-09T16:48:53.225Z - [REQUEST]: Responding to the client. handleHashGlob
[NX v22.0.2 Daemon Server] - 2025-11-09T16:48:53.225Z - Done responding to the client handleHashGlob
Time for 'total for sendMessageToDaemon()' 9.803025000030175
[NX v22.0.2 Daemon Server] - 2025-11-09T16:48:53.225Z - Handled json message HASH_GLOB. Handling time: 4. Response time: 0.
Time for 'deserialize daemon response' 0.04425799997989088
[NX v22.0.2 Daemon Server] - 2025-11-09T16:48:53.227Z - Time taken for 'hash changed files from watcher' 1.4998409999534488ms
Time for '@nx/js/typescript:createNodes' 14.351902999915183
Time for 'nx/core/package-json:createNodes' 11.992942000040784
Time for '@nx/js/typescript:createNodes' 24.54642899997998
[NX v22.0.2 Daemon Server] - 2025-11-09T16:48:53.234Z - [REQUEST]: Responding to the client. handleHashGlob
[NX v22.0.2 Daemon Server] - 2025-11-09T16:48:53.234Z - Done responding to the client handleHashGlob
[NX v22.0.2 Daemon Server] - 2025-11-09T16:48:53.234Z - Handled json message HASH_GLOB. Handling time: 5. Response time: 1.
Time for '@nx/next/plugin:createNodes' 25.938555000000633
Time for 'total for sendMessageToDaemon()' 7.880631000036374
Time for 'deserialize daemon response' 0.029722000006586313
Time for 'nx/js/dependencies-and-lockfile:createNodes' 22.91491000005044
[NX v22.0.2 Daemon Server] - 2025-11-09T16:48:53.279Z - Time taken for 'build-project-configs' 57.99962399993092ms
[NX v22.0.2 Daemon Server] - 2025-11-09T16:48:53.291Z - Time taken for '@nx/js/typescript:createDependencies' 23.81783600000199ms
Time for 'build typescript dependencies' 23.391933999955654
[NX v22.0.2 Daemon Server] - 2025-11-09T16:48:53.358Z - [SYNC]: collect registered sync generators
[NX v22.0.2 Daemon Server] - 2025-11-09T16:48:53.358Z - [SYNC]: project graph hash is the same, not collecting task sync generators
[NX v22.0.2 Daemon Server] - 2025-11-09T16:48:53.359Z - [SYNC]: nx.json hash is the same, not collecting global sync generators
[NX v22.0.2 Daemon Server] - 2025-11-09T16:48:53.359Z - [SYNC]: scheduling: ["@nx/js:typescript-sync"]
[NX v22.0.2 Daemon Server] - 2025-11-09T16:48:53.359Z - [REQUEST]: Responding to the client. File watch changed
[NX v22.0.2 Daemon Server] - 2025-11-09T16:48:53.359Z - Done responding to the client File watch changed
[NX v22.0.2 Daemon Server] - 2025-11-09T16:48:53.359Z - Handled json message FILE-WATCH-CHANGED. Handling time: 0. Response time: 0.
[NX v22.0.2 Daemon Server] - 2025-11-09T16:48:53.360Z - Time taken for 'total execution time for createProjectGraph()' 89.58571999997366ms
[NX v22.0.2 Daemon Server] - 2025-11-09T16:48:54.745Z - [WATCHER]: Processing file changes in outputs
[NX v22.0.2 Daemon Server] - 2025-11-09T16:48:54.747Z - [WATCHER]: knex/src/index.ts was created or restored
[NX v22.0.2 Daemon Server] - 2025-11-09T16:48:54.848Z - [REQUEST]: Updated workspace context based on watched changes, recomputing project graph...
[NX v22.0.2 Daemon Server] - 2025-11-09T16:48:54.848Z - [REQUEST]: knex/src/index.ts
[NX v22.0.2 Daemon Server] - 2025-11-09T16:48:54.849Z - [REQUEST]: 
Time for '@nx/js/typescript:createNodes' 6.370330999954604
[NX v22.0.2 Daemon Server] - 2025-11-09T16:48:54.871Z - [REQUEST]: Responding to the client. handleHashGlob
Time for 'nx/core/project-json:createNodes' 0.5853280000155792
Time for '@nx/js/typescript:createNodes' 10.884536999976262
Time for 'nx/core/package-json:createNodes' 9.072757999994792
[NX v22.0.2 Daemon Server] - 2025-11-09T16:48:54.873Z - Done responding to the client handleHashGlob
[NX v22.0.2 Daemon Server] - 2025-11-09T16:48:54.873Z - Handled json message HASH_GLOB. Handling time: 0. Response time: 2.
[NX v22.0.2 Daemon Server] - 2025-11-09T16:48:54.874Z - Time taken for 'hash changed files from watcher' 0.30493900005239993ms
Time for 'total for sendMessageToDaemon()' 10.340088000055403
Time for 'deserialize daemon response' 0.02791800000704825
[NX v22.0.2 Daemon Server] - 2025-11-09T16:48:54.879Z - [REQUEST]: Responding to the client. handleHashGlob
[NX v22.0.2 Daemon Server] - 2025-11-09T16:48:54.881Z - Done responding to the client handleHashGlob
[NX v22.0.2 Daemon Server] - 2025-11-09T16:48:54.881Z - Handled json message HASH_GLOB. Handling time: 2. Response time: 2.
Time for '@nx/next/plugin:createNodes' 22.81439399998635
Time for 'total for sendMessageToDaemon()' 7.259954999899492
Time for 'deserialize daemon response' 0.054555999930016696
Time for 'nx/js/dependencies-and-lockfile:createNodes' 18.735811999998987
[NX v22.0.2 Daemon Server] - 2025-11-09T16:48:54.924Z - Time taken for 'build-project-configs' 37.9810989999678ms
[NX v22.0.2 Daemon Server] - 2025-11-09T16:48:54.932Z - Time taken for '@nx/js/typescript:createDependencies' 20.665170999942347ms
[NX v22.0.2 Daemon Server] - 2025-11-09T16:48:54.933Z - Time taken for '@nx/js/typescript:createDependencies' 21.88126099994406ms
Time for 'build typescript dependencies' 7.282879999955185
[NX v22.0.2 Daemon Server] - 2025-11-09T16:48:54.989Z - [SYNC]: collect registered sync generators
[NX v22.0.2 Daemon Server] - 2025-11-09T16:48:54.990Z - [SYNC]: project graph hash is the same, not collecting task sync generators
[NX v22.0.2 Daemon Server] - 2025-11-09T16:48:54.990Z - [SYNC]: nx.json hash is the same, not collecting global sync generators
[NX v22.0.2 Daemon Server] - 2025-11-09T16:48:54.990Z - [SYNC]: scheduling: ["@nx/js:typescript-sync"]
[NX v22.0.2 Daemon Server] - 2025-11-09T16:48:54.991Z - [REQUEST]: Responding to the client. File watch changed
[NX v22.0.2 Daemon Server] - 2025-11-09T16:48:54.991Z - Done responding to the client File watch changed
[NX v22.0.2 Daemon Server] - 2025-11-09T16:48:54.992Z - Handled json message FILE-WATCH-CHANGED. Handling time: 0. Response time: 1.
[NX v22.0.2 Daemon Server] - 2025-11-09T16:48:54.992Z - Time taken for 'total execution time for createProjectGraph()' 86.60880899999756ms
[NX v22.0.2 Daemon Server] - 2025-11-09T16:48:56.559Z - [SYNC]: running scheduled generator @nx/js:typescript-sync
[NX v22.0.2 Daemon Server] - 2025-11-09T16:48:56.567Z - [REQUEST]: Client Request for Project Graph Received
[NX v22.0.2 Daemon Server] - 2025-11-09T16:48:56.568Z - Reusing in-memory cached project graph because no files changed.
[NX v22.0.2 Daemon Server] - 2025-11-09T16:48:56.602Z - Wrote project graph cache to /home/saint/Documents/Sematica/.nx/workspace-data/project-graph.json
[NX v22.0.2 Daemon Server] - 2025-11-09T16:48:56.603Z - [REQUEST]: Responding to the client. project-graph
[NX v22.0.2 Daemon Server] - 2025-11-09T16:48:56.613Z - Time taken for 'total for creating and serializing project graph' 35.57008600002155ms
[NX v22.0.2 Daemon Server] - 2025-11-09T16:48:56.642Z - Done responding to the client project-graph
[NX v22.0.2 Daemon Server] - 2025-11-09T16:48:56.644Z - Handled json message REQUEST_PROJECT_GRAPH. Handling time: 36. Response time: 41.
[NX v22.0.2 Daemon Server] - 2025-11-09T16:48:56.692Z - [SYNC]: @nx/js:typescript-sync changes: 
[NX v22.0.2 Daemon Server] - 2025-11-09T16:48:56.693Z - Time taken for 'run-sync-generator:@nx/js:typescript-sync' 132.26593499991577ms
[NX v22.0.2 Daemon Server] - 2025-11-09T16:49:06.006Z - Established a connection. Number of open connections: 5
[NX v22.0.2 Daemon Server] - 2025-11-09T16:49:06.007Z - [REQUEST]: Client Request for Project Graph Received
[NX v22.0.2 Daemon Server] - 2025-11-09T16:49:06.007Z - Reusing in-memory cached project graph because no files changed.
[NX v22.0.2 Daemon Server] - 2025-11-09T16:49:06.014Z - Wrote project graph cache to /home/saint/Documents/Sematica/.nx/workspace-data/project-graph.json
[NX v22.0.2 Daemon Server] - 2025-11-09T16:49:06.014Z - [REQUEST]: Responding to the client. project-graph
[NX v22.0.2 Daemon Server] - 2025-11-09T16:49:06.017Z - Time taken for 'total for creating and serializing project graph' 7.478012999985367ms
[NX v22.0.2 Daemon Server] - 2025-11-09T16:49:06.017Z - Closed a connection. Number of open connections: 4
[NX v22.0.2 Daemon Server] - 2025-11-09T16:49:06.025Z - Done responding to the client project-graph
[NX v22.0.2 Daemon Server] - 2025-11-09T16:49:06.025Z - Handled json message REQUEST_PROJECT_GRAPH. Handling time: 7. Response time: 11.
[NX v22.0.2 Daemon Server] - 2025-11-09T16:49:06.038Z - [REQUEST]: Responding to the client. handleContextFileData
[NX v22.0.2 Daemon Server] - 2025-11-09T16:49:06.039Z - Done responding to the client handleContextFileData
[NX v22.0.2 Daemon Server] - 2025-11-09T16:49:06.039Z - Handled json message GET_CONTEXT_FILE_DATA. Handling time: 0. Response time: 1.
[NX v22.0.2 Daemon Server] - 2025-11-09T16:49:06.039Z - Closed a connection. Number of open connections: 3
[NX v22.0.2 Daemon Server] - 2025-11-09T16:49:06.220Z - Closed a connection. Number of open connections: 2
[NX v22.0.2 Daemon Server] - 2025-11-09T16:49:06.224Z - Established a connection. Number of open connections: 3
[NX v22.0.2 Daemon Server] - 2025-11-09T16:49:06.225Z - Closed a connection. Number of open connections: 2
[NX v22.0.2 Daemon Server] - 2025-11-09T16:49:06.226Z - Established a connection. Number of open connections: 3
[NX v22.0.2 Daemon Server] - 2025-11-09T16:49:06.226Z - Closed a connection. Number of open connections: 2
[NX v22.0.2 Daemon Server] - 2025-11-09T16:49:06.227Z - Established a connection. Number of open connections: 3
[NX v22.0.2 Daemon Server] - 2025-11-09T16:49:06.229Z - [REQUEST]: Client Request for Project Graph Received
[NX v22.0.2 Daemon Server] - 2025-11-09T16:49:06.229Z - Reusing in-memory cached project graph because no files changed.
[NX v22.0.2 Daemon Server] - 2025-11-09T16:49:06.239Z - Wrote project graph cache to /home/saint/Documents/Sematica/.nx/workspace-data/project-graph.json
[NX v22.0.2 Daemon Server] - 2025-11-09T16:49:06.240Z - [REQUEST]: Responding to the client. project-graph
[NX v22.0.2 Daemon Server] - 2025-11-09T16:49:06.241Z - Time taken for 'total for creating and serializing project graph' 10.93118999991566ms
[NX v22.0.2 Daemon Server] - 2025-11-09T16:49:06.244Z - Done responding to the client project-graph
[NX v22.0.2 Daemon Server] - 2025-11-09T16:49:06.244Z - Handled json message REQUEST_PROJECT_GRAPH. Handling time: 11. Response time: 4.
[NX v22.0.2 Daemon Server] - 2025-11-09T16:49:06.253Z - [REQUEST]: Client Request for Project Graph Received
[NX v22.0.2 Daemon Server] - 2025-11-09T16:49:06.253Z - Reusing in-memory cached project graph because no files changed.
[NX v22.0.2 Daemon Server] - 2025-11-09T16:49:06.269Z - Wrote project graph cache to /home/saint/Documents/Sematica/.nx/workspace-data/project-graph.json
[NX v22.0.2 Daemon Server] - 2025-11-09T16:49:06.269Z - [REQUEST]: Responding to the client. project-graph
[NX v22.0.2 Daemon Server] - 2025-11-09T16:49:06.271Z - Time taken for 'total for creating and serializing project graph' 16.325940000009723ms
[NX v22.0.2 Daemon Server] - 2025-11-09T16:49:06.275Z - Done responding to the client project-graph
[NX v22.0.2 Daemon Server] - 2025-11-09T16:49:06.275Z - Handled json message REQUEST_PROJECT_GRAPH. Handling time: 16. Response time: 6.
[NX v22.0.2 Daemon Server] - 2025-11-09T16:49:06.285Z - Established a connection. Number of open connections: 4
[NX v22.0.2 Daemon Server] - 2025-11-09T16:49:41.746Z - [WATCHER]: 0 file(s) created or restored, 0 file(s) modified, 0 file(s) deleted
[NX v22.0.2 Daemon Server] - 2025-11-09T16:49:41.809Z - [WATCHER]: 3 file(s) created or restored, 0 file(s) modified, 0 file(s) deleted
[NX v22.0.2 Daemon Server] - 2025-11-09T16:49:41.810Z - [WATCHER]: Processing file changes in outputs
[NX v22.0.2 Daemon Server] - 2025-11-09T16:49:41.848Z - [REQUEST]: Updated workspace context based on watched changes, recomputing project graph...
[NX v22.0.2 Daemon Server] - 2025-11-09T16:49:41.848Z - [REQUEST]: knex/src/users/user-to-kv.function.ts,knex/src/users/is-taken-email.function.ts,knex/src/users/index.ts
[NX v22.0.2 Daemon Server] - 2025-11-09T16:49:41.848Z - [REQUEST]: 
Time for 'nx/core/project-json:createNodes' 0.7177819999633357
[NX v22.0.2 Daemon Server] - 2025-11-09T16:49:41.906Z - [WATCHER]: 4 file(s) created or restored, 0 file(s) modified, 0 file(s) deleted
[NX v22.0.2 Daemon Server] - 2025-11-09T16:49:41.916Z - [WATCHER]: Processing file changes in outputs
[NX v22.0.2 Daemon Server] - 2025-11-09T16:49:41.916Z - [WATCHER]: Processing file changes in outputs
Time for '@nx/js/typescript:createNodes' 30.96375899994746
Time for 'nx/js/dependencies-and-lockfile:createNodes' 28.155180000001565
Time for '@nx/js/typescript:createNodes' 44.765423999982886
Time for 'nx/core/package-json:createNodes' 14.92635700001847
[NX v22.0.2 Daemon Server] - 2025-11-09T16:49:41.927Z - [REQUEST]: Responding to the client. handleHashGlob
[NX v22.0.2 Daemon Server] - 2025-11-09T16:49:41.928Z - Done responding to the client handleHashGlob
[NX v22.0.2 Daemon Server] - 2025-11-09T16:49:41.929Z - Handled json message HASH_GLOB. Handling time: 6. Response time: 2.
[NX v22.0.2 Daemon Server] - 2025-11-09T16:49:41.929Z - Time taken for 'hash changed files from watcher' 1.1342660000082105ms
[NX v22.0.2 Daemon Server] - 2025-11-09T16:49:41.930Z - [WATCHER]: 1 file(s) created or restored, 1 file(s) modified, 0 file(s) deleted
Time for 'total for sendMessageToDaemon()' 40.52317599998787
Time for 'deserialize daemon response' 0.03383199998643249
[NX v22.0.2 Daemon Server] - 2025-11-09T16:49:41.931Z - [REQUEST]: Responding to the client. File watch changed
[NX v22.0.2 Daemon Server] - 2025-11-09T16:49:41.931Z - Done responding to the client File watch changed
[NX v22.0.2 Daemon Server] - 2025-11-09T16:49:41.931Z - Handled json message FILE-WATCH-CHANGED. Handling time: 0. Response time: 0.
[NX v22.0.2 Daemon Server] - 2025-11-09T16:49:41.935Z - Time taken for 'changed-projects' 0.12325800000689924ms
[NX v22.0.2 Daemon Server] - 2025-11-09T16:49:41.943Z - [REQUEST]: Responding to the client. handleHashGlob
[NX v22.0.2 Daemon Server] - 2025-11-09T16:49:41.943Z - Done responding to the client handleHashGlob
[NX v22.0.2 Daemon Server] - 2025-11-09T16:49:41.943Z - Handled json message HASH_GLOB. Handling time: 1. Response time: 0.
Time for '@nx/next/plugin:createNodes' 65.76594299997669
Time for 'total for sendMessageToDaemon()' 14.71720399998594
Time for 'deserialize daemon response' 0.0278870000038296
[NX v22.0.2 Daemon Server] - 2025-11-09T16:49:41.975Z - Time taken for 'build-project-configs' 82.11767899990082ms
[NX v22.0.2 Daemon Server] - 2025-11-09T16:49:41.979Z - [WATCHER]: 6 file(s) created or restored, 0 file(s) modified, 0 file(s) deleted
[NX v22.0.2 Daemon Server] - 2025-11-09T16:49:41.980Z - [WATCHER]: Processing file changes in outputs
[NX v22.0.2 Daemon Server] - 2025-11-09T16:49:41.995Z - Time taken for '@nx/js/typescript:createDependencies' 32.53808500000741ms
[NX v22.0.2 Daemon Server] - 2025-11-09T16:49:41.997Z - Time taken for '@nx/js/typescript:createDependencies' 34.256328999996185ms
[NX v22.0.2 Daemon Server] - 2025-11-09T16:49:42.022Z - [REQUEST]: Updated workspace context based on watched changes, recomputing project graph...
[NX v22.0.2 Daemon Server] - 2025-11-09T16:49:42.023Z - [REQUEST]: knex/src/users/delete-one-user-by-user-id.function.ts,knex/src/users/select-one-user-by-user-id.function.ts,knex/src/users/user-exists-by-user-id.function.ts,knex/src/users/select-user-id-and-password-by-email.function.ts,knex/src/users/select-user-id-by-email.function.ts,knex/src/users/select-one-user-by-phone.function.ts
[NX v22.0.2 Daemon Server] - 2025-11-09T16:49:42.023Z - [REQUEST]: 
Time for 'build typescript dependencies' 28.436755000031553
Time for 'nx/core/project-json:createNodes' 0.33813299995381385
Time for 'nx/core/package-json:createNodes' 5.84634700010065
Time for '@nx/js/typescript:createNodes' 15.776028000051156
[NX v22.0.2 Daemon Server] - 2025-11-09T16:49:42.074Z - [REQUEST]: Responding to the client. handleHashGlob
[NX v22.0.2 Daemon Server] - 2025-11-09T16:49:42.074Z - Done responding to the client handleHashGlob
[NX v22.0.2 Daemon Server] - 2025-11-09T16:49:42.074Z - Handled json message HASH_GLOB. Handling time: 2. Response time: 0.
Time for '@nx/js/typescript:createNodes' 17.89607600006275
Time for 'total for sendMessageToDaemon()' 31.787964000017382
Time for 'deserialize daemon response' 0.03509000001940876
[NX v22.0.2 Daemon Server] - 2025-11-09T16:49:42.082Z - Time taken for 'hash changed files from watcher' 2.8711030000122264ms
[NX v22.0.2 Daemon Server] - 2025-11-09T16:49:42.086Z - [REQUEST]: Responding to the client. handleHashGlob
[NX v22.0.2 Daemon Server] - 2025-11-09T16:49:42.086Z - Done responding to the client handleHashGlob
[NX v22.0.2 Daemon Server] - 2025-11-09T16:49:42.087Z - Handled json message HASH_GLOB. Handling time: 2. Response time: 1.
Time for '@nx/next/plugin:createNodes' 43.169509000028484
Time for 'total for sendMessageToDaemon()' 7.255451999953948
Time for 'deserialize daemon response' 0.04920499993022531
Time for 'nx/js/dependencies-and-lockfile:createNodes' 32.46586200001184
[NX v22.0.2 Daemon Server] - 2025-11-09T16:49:42.184Z - [SYNC]: collect registered sync generators
[NX v22.0.2 Daemon Server] - 2025-11-09T16:49:42.185Z - [SYNC]: project graph hash is the same, not collecting task sync generators
[NX v22.0.2 Daemon Server] - 2025-11-09T16:49:42.185Z - [SYNC]: nx.json hash is the same, not collecting global sync generators
[NX v22.0.2 Daemon Server] - 2025-11-09T16:49:42.185Z - [SYNC]: scheduling: ["@nx/js:typescript-sync"]
[NX v22.0.2 Daemon Server] - 2025-11-09T16:49:42.185Z - Time taken for 'createDependencies' 173.71619099995587ms
[NX v22.0.2 Daemon Server] - 2025-11-09T16:49:42.197Z - Time taken for '@nx/js/typescript:createDependencies' 23.910793000017293ms
[NX v22.0.2 Daemon Server] - 2025-11-09T16:49:42.198Z - Time taken for '@nx/js/typescript:createDependencies' 24.49211899994407ms
Time for 'build typescript dependencies' 12.942779000033624
[NX v22.0.2 Daemon Server] - 2025-11-09T16:49:42.257Z - [SYNC]: collect registered sync generators
[NX v22.0.2 Daemon Server] - 2025-11-09T16:49:42.258Z - [SYNC]: project graph hash is the same, not collecting task sync generators
[NX v22.0.2 Daemon Server] - 2025-11-09T16:49:42.258Z - [SYNC]: nx.json hash is the same, not collecting global sync generators
[NX v22.0.2 Daemon Server] - 2025-11-09T16:49:42.258Z - [SYNC]: scheduling: ["@nx/js:typescript-sync"]
[NX v22.0.2 Daemon Server] - 2025-11-09T16:49:42.258Z - [REQUEST]: Responding to the client. File watch changed
[NX v22.0.2 Daemon Server] - 2025-11-09T16:49:42.258Z - Done responding to the client File watch changed
[NX v22.0.2 Daemon Server] - 2025-11-09T16:49:42.258Z - Handled json message FILE-WATCH-CHANGED. Handling time: 0. Response time: 0.
[NX v22.0.2 Daemon Server] - 2025-11-09T16:49:42.259Z - Time taken for 'total execution time for createProjectGraph()' 111.72047099994961ms
[NX v22.0.2 Daemon Server] - 2025-11-09T16:49:48.585Z - [SYNC]: running scheduled generator @nx/js:typescript-sync
[NX v22.0.2 Daemon Server] - 2025-11-09T16:49:48.590Z - [REQUEST]: Client Request for Project Graph Received
[NX v22.0.2 Daemon Server] - 2025-11-09T16:49:48.590Z - Reusing in-memory cached project graph because no files changed.
[NX v22.0.2 Daemon Server] - 2025-11-09T16:49:48.620Z - Wrote project graph cache to /home/saint/Documents/Sematica/.nx/workspace-data/project-graph.json
[NX v22.0.2 Daemon Server] - 2025-11-09T16:49:48.620Z - [REQUEST]: Responding to the client. project-graph
[NX v22.0.2 Daemon Server] - 2025-11-09T16:49:48.623Z - Time taken for 'total for creating and serializing project graph' 30.460298000019975ms
[NX v22.0.2 Daemon Server] - 2025-11-09T16:49:48.641Z - Done responding to the client project-graph
[NX v22.0.2 Daemon Server] - 2025-11-09T16:49:48.642Z - Handled json message REQUEST_PROJECT_GRAPH. Handling time: 30. Response time: 22.
[NX v22.0.2 Daemon Server] - 2025-11-09T16:49:48.677Z - [SYNC]: @nx/js:typescript-sync changes: 
[NX v22.0.2 Daemon Server] - 2025-11-09T16:49:48.677Z - Time taken for 'run-sync-generator:@nx/js:typescript-sync' 90.78108400001656ms
[NX v22.0.2 Daemon Server] - 2025-11-09T16:49:53.276Z - Established a connection. Number of open connections: 5
[NX v22.0.2 Daemon Server] - 2025-11-09T16:49:53.279Z - [REQUEST]: Client Request for Project Graph Received
[NX v22.0.2 Daemon Server] - 2025-11-09T16:49:53.280Z - Reusing in-memory cached project graph because no files changed.
[NX v22.0.2 Daemon Server] - 2025-11-09T16:49:53.301Z - Wrote project graph cache to /home/saint/Documents/Sematica/.nx/workspace-data/project-graph.json
[NX v22.0.2 Daemon Server] - 2025-11-09T16:49:53.302Z - [REQUEST]: Responding to the client. project-graph
[NX v22.0.2 Daemon Server] - 2025-11-09T16:49:53.306Z - Time taken for 'total for creating and serializing project graph' 22.550458000041544ms
[NX v22.0.2 Daemon Server] - 2025-11-09T16:49:53.307Z - Closed a connection. Number of open connections: 4
[NX v22.0.2 Daemon Server] - 2025-11-09T16:49:53.331Z - Done responding to the client project-graph
[NX v22.0.2 Daemon Server] - 2025-11-09T16:49:53.331Z - Handled json message REQUEST_PROJECT_GRAPH. Handling time: 23. Response time: 29.
[NX v22.0.2 Daemon Server] - 2025-11-09T16:49:53.373Z - [REQUEST]: Responding to the client. handleContextFileData
[NX v22.0.2 Daemon Server] - 2025-11-09T16:49:53.373Z - Done responding to the client handleContextFileData
[NX v22.0.2 Daemon Server] - 2025-11-09T16:49:53.373Z - Handled json message GET_CONTEXT_FILE_DATA. Handling time: 1. Response time: 1.
[NX v22.0.2 Daemon Server] - 2025-11-09T16:49:53.378Z - Closed a connection. Number of open connections: 3
[NX v22.0.2 Daemon Server] - 2025-11-09T16:49:53.677Z - Closed a connection. Number of open connections: 2
[NX v22.0.2 Daemon Server] - 2025-11-09T16:49:53.679Z - Established a connection. Number of open connections: 3
[NX v22.0.2 Daemon Server] - 2025-11-09T16:49:53.680Z - Closed a connection. Number of open connections: 2
[NX v22.0.2 Daemon Server] - 2025-11-09T16:49:53.680Z - Established a connection. Number of open connections: 3
[NX v22.0.2 Daemon Server] - 2025-11-09T16:49:53.680Z - Closed a connection. Number of open connections: 2
[NX v22.0.2 Daemon Server] - 2025-11-09T16:49:53.681Z - Established a connection. Number of open connections: 3
[NX v22.0.2 Daemon Server] - 2025-11-09T16:49:53.681Z - [REQUEST]: Client Request for Project Graph Received
[NX v22.0.2 Daemon Server] - 2025-11-09T16:49:53.682Z - Reusing in-memory cached project graph because no files changed.
[NX v22.0.2 Daemon Server] - 2025-11-09T16:49:53.691Z - Wrote project graph cache to /home/saint/Documents/Sematica/.nx/workspace-data/project-graph.json
[NX v22.0.2 Daemon Server] - 2025-11-09T16:49:53.691Z - [REQUEST]: Responding to the client. project-graph
[NX v22.0.2 Daemon Server] - 2025-11-09T16:49:53.693Z - Time taken for 'total for creating and serializing project graph' 9.753285000100732ms
[NX v22.0.2 Daemon Server] - 2025-11-09T16:49:53.696Z - Done responding to the client project-graph
[NX v22.0.2 Daemon Server] - 2025-11-09T16:49:53.696Z - Handled json message REQUEST_PROJECT_GRAPH. Handling time: 10. Response time: 5.
[NX v22.0.2 Daemon Server] - 2025-11-09T16:49:53.710Z - [REQUEST]: Client Request for Project Graph Received
[NX v22.0.2 Daemon Server] - 2025-11-09T16:49:53.710Z - Reusing in-memory cached project graph because no files changed.
[NX v22.0.2 Daemon Server] - 2025-11-09T16:49:53.725Z - Wrote project graph cache to /home/saint/Documents/Sematica/.nx/workspace-data/project-graph.json
[NX v22.0.2 Daemon Server] - 2025-11-09T16:49:53.725Z - [REQUEST]: Responding to the client. project-graph
[NX v22.0.2 Daemon Server] - 2025-11-09T16:49:53.727Z - Time taken for 'total for creating and serializing project graph' 14.85159700002987ms
[NX v22.0.2 Daemon Server] - 2025-11-09T16:49:53.731Z - Done responding to the client project-graph
[NX v22.0.2 Daemon Server] - 2025-11-09T16:49:53.731Z - Handled json message REQUEST_PROJECT_GRAPH. Handling time: 15. Response time: 6.
[NX v22.0.2 Daemon Server] - 2025-11-09T16:49:53.746Z - Established a connection. Number of open connections: 4
[NX v22.0.2 Daemon Server] - 2025-11-09T16:52:20.975Z - [WATCHER]: react/src/lib/react.tsx was deleted
[NX v22.0.2 Daemon Server] - 2025-11-09T16:52:20.977Z - [REQUEST]: Responding to the client. File watch changed
[NX v22.0.2 Daemon Server] - 2025-11-09T16:52:20.991Z - Done responding to the client File watch changed
[NX v22.0.2 Daemon Server] - 2025-11-09T16:52:20.992Z - Handled json message FILE-WATCH-CHANGED. Handling time: 1. Response time: 15.
[NX v22.0.2 Daemon Server] - 2025-11-09T16:52:20.998Z - [WATCHER]: Processing file changes in outputs
[NX v22.0.2 Daemon Server] - 2025-11-09T16:52:20.998Z - Time taken for 'changed-projects' 0.17642099992372096ms
[NX v22.0.2 Daemon Server] - 2025-11-09T16:52:21.077Z - [REQUEST]: Updated workspace context based on watched changes, recomputing project graph...
[NX v22.0.2 Daemon Server] - 2025-11-09T16:52:21.082Z - [REQUEST]: 
[NX v22.0.2 Daemon Server] - 2025-11-09T16:52:21.082Z - [REQUEST]: react/src/lib/react.tsx
Time for 'nx/core/project-json:createNodes' 0.5687090000137687
Time for '@nx/js/typescript:createNodes' 38.18686100002378
[NX v22.0.2 Daemon Server] - 2025-11-09T16:52:21.152Z - [REQUEST]: Responding to the client. handleHashGlob
[NX v22.0.2 Daemon Server] - 2025-11-09T16:52:21.153Z - Done responding to the client handleHashGlob
[NX v22.0.2 Daemon Server] - 2025-11-09T16:52:21.153Z - Handled json message HASH_GLOB. Handling time: 21. Response time: 1.
[NX v22.0.2 Daemon Server] - 2025-11-09T16:52:21.153Z - Time taken for 'hash changed files from watcher' 0.5096299999859184ms
Time for '@nx/js/typescript:createNodes' 34.89885400002822
Time for 'total for sendMessageToDaemon()' 46.09499200002756
Time for 'deserialize daemon response' 0.0269679999910295
Time for 'nx/core/package-json:createNodes' 35.2359249999281
[NX v22.0.2 Daemon Server] - 2025-11-09T16:52:21.176Z - [REQUEST]: Responding to the client. handleHashGlob
[NX v22.0.2 Daemon Server] - 2025-11-09T16:52:21.177Z - Done responding to the client handleHashGlob
Time for 'nx/js/dependencies-and-lockfile:createNodes' 45.98048100003507
Time for '@nx/next/plugin:createNodes' 69.93315600010101
Time for 'total for sendMessageToDaemon()' 20.866538000060245
Time for 'deserialize daemon response' 0.028297999990172684
[NX v22.0.2 Daemon Server] - 2025-11-09T16:52:21.178Z - Handled json message HASH_GLOB. Handling time: 11. Response time: 2.
[NX v22.0.2 Daemon Server] - 2025-11-09T16:52:21.251Z - Time taken for 'build-project-configs' 102.28510699991602ms
[NX v22.0.2 Daemon Server] - 2025-11-09T16:52:21.253Z - Time taken for '@nx/js/typescript:createDependencies' 21.413813999970444ms
[NX v22.0.2 Daemon Server] - 2025-11-09T16:52:21.262Z - Time taken for '@nx/js/typescript:createDependencies' 29.809387000044808ms
Time for 'build typescript dependencies' 0.034259999985806644
[NX v22.0.2 Daemon Server] - 2025-11-09T16:52:21.340Z - [SYNC]: collect registered sync generators
[NX v22.0.2 Daemon Server] - 2025-11-09T16:52:21.341Z - [SYNC]: project graph hash is the same, not collecting task sync generators
[NX v22.0.2 Daemon Server] - 2025-11-09T16:52:21.341Z - [SYNC]: nx.json hash is the same, not collecting global sync generators
[NX v22.0.2 Daemon Server] - 2025-11-09T16:52:21.341Z - [SYNC]: scheduling: ["@nx/js:typescript-sync"]
[NX v22.0.2 Daemon Server] - 2025-11-09T16:52:21.341Z - Time taken for 'total execution time for createProjectGraph()' 121.60109900007956ms
[NX v22.0.2 Daemon Server] - 2025-11-09T16:52:26.476Z - [WATCHER]: Processing file changes in outputs
[NX v22.0.2 Daemon Server] - 2025-11-09T16:52:26.481Z - [WATCHER]: 3 file(s) created or restored, 0 file(s) modified, 0 file(s) deleted
[NX v22.0.2 Daemon Server] - 2025-11-09T16:52:26.589Z - [REQUEST]: Updated workspace context based on watched changes, recomputing project graph...
[NX v22.0.2 Daemon Server] - 2025-11-09T16:52:26.590Z - [REQUEST]: react/src/patch-json.function.ts,react/src/post-json.function.ts,react/src/put-json.function.ts
[NX v22.0.2 Daemon Server] - 2025-11-09T16:52:26.591Z - [REQUEST]: 
Time for '@nx/js/typescript:createNodes' 3.469654000014998
Time for 'nx/core/project-json:createNodes' 0.33971899992320687
[NX v22.0.2 Daemon Server] - 2025-11-09T16:52:26.621Z - Time taken for 'hash changed files from watcher' 1.209504000027664ms
Time for 'nx/core/package-json:createNodes' 5.931294999900274
Time for '@nx/js/typescript:createNodes' 16.64884699997492
[NX v22.0.2 Daemon Server] - 2025-11-09T16:52:26.627Z - [REQUEST]: Responding to the client. handleHashGlob
[NX v22.0.2 Daemon Server] - 2025-11-09T16:52:26.627Z - Done responding to the client handleHashGlob
[NX v22.0.2 Daemon Server] - 2025-11-09T16:52:26.628Z - Handled json message HASH_GLOB. Handling time: 4. Response time: 1.
Time for 'total for sendMessageToDaemon()' 11.082188999978825
Time for 'deserialize daemon response' 0.03303300007246435
[NX v22.0.2 Daemon Server] - 2025-11-09T16:52:26.634Z - [REQUEST]: Responding to the client. handleHashGlob
[NX v22.0.2 Daemon Server] - 2025-11-09T16:52:26.635Z - Done responding to the client handleHashGlob
[NX v22.0.2 Daemon Server] - 2025-11-09T16:52:26.636Z - Handled json message HASH_GLOB. Handling time: 3. Response time: 2.
Time for '@nx/next/plugin:createNodes' 25.52070500003174
Time for 'total for sendMessageToDaemon()' 7.437526999972761
Time for 'deserialize daemon response' 0.03497599996626377
Time for 'nx/js/dependencies-and-lockfile:createNodes' 21.56306999991648
[NX v22.0.2 Daemon Server] - 2025-11-09T16:52:26.679Z - Time taken for 'build-project-configs' 48.17366299999412ms
[NX v22.0.2 Daemon Server] - 2025-11-09T16:52:26.688Z - Time taken for '@nx/js/typescript:createDependencies' 20.918885000050068ms
[NX v22.0.2 Daemon Server] - 2025-11-09T16:52:26.688Z - Time taken for '@nx/js/typescript:createDependencies' 21.35781900002621ms
Time for 'build typescript dependencies' 15.45827099995222
[NX v22.0.2 Daemon Server] - 2025-11-09T16:52:26.739Z - [SYNC]: collect registered sync generators
[NX v22.0.2 Daemon Server] - 2025-11-09T16:52:26.739Z - [SYNC]: project graph hash is the same, not collecting task sync generators
[NX v22.0.2 Daemon Server] - 2025-11-09T16:52:26.739Z - [SYNC]: nx.json hash is the same, not collecting global sync generators
[NX v22.0.2 Daemon Server] - 2025-11-09T16:52:26.740Z - [SYNC]: scheduling: ["@nx/js:typescript-sync"]
[NX v22.0.2 Daemon Server] - 2025-11-09T16:52:26.740Z - [REQUEST]: Responding to the client. File watch changed
[NX v22.0.2 Daemon Server] - 2025-11-09T16:52:26.740Z - Done responding to the client File watch changed
[NX v22.0.2 Daemon Server] - 2025-11-09T16:52:26.740Z - Handled json message FILE-WATCH-CHANGED. Handling time: 0. Response time: 0.
[NX v22.0.2 Daemon Server] - 2025-11-09T16:52:26.740Z - Time taken for 'total execution time for createProjectGraph()' 76.23564600001555ms
[NX v22.0.2 Daemon Server] - 2025-11-09T16:52:27.741Z - [SYNC]: running scheduled generator @nx/js:typescript-sync
[NX v22.0.2 Daemon Server] - 2025-11-09T16:52:27.750Z - [REQUEST]: Client Request for Project Graph Received
[NX v22.0.2 Daemon Server] - 2025-11-09T16:52:27.751Z - Reusing in-memory cached project graph because no files changed.
[NX v22.0.2 Daemon Server] - 2025-11-09T16:52:27.783Z - Wrote project graph cache to /home/saint/Documents/Sematica/.nx/workspace-data/project-graph.json
[NX v22.0.2 Daemon Server] - 2025-11-09T16:52:27.783Z - [REQUEST]: Responding to the client. project-graph
[NX v22.0.2 Daemon Server] - 2025-11-09T16:52:27.788Z - Time taken for 'total for creating and serializing project graph' 33.62452400010079ms
[NX v22.0.2 Daemon Server] - 2025-11-09T16:52:27.826Z - Done responding to the client project-graph
[NX v22.0.2 Daemon Server] - 2025-11-09T16:52:27.826Z - Handled json message REQUEST_PROJECT_GRAPH. Handling time: 33. Response time: 43.
[NX v22.0.2 Daemon Server] - 2025-11-09T16:52:27.874Z - [SYNC]: @nx/js:typescript-sync changes: 
[NX v22.0.2 Daemon Server] - 2025-11-09T16:52:27.874Z - Time taken for 'run-sync-generator:@nx/js:typescript-sync' 131.47815800004173ms
[NX v22.0.2 Daemon Server] - 2025-11-09T16:52:37.760Z - Established a connection. Number of open connections: 5
[NX v22.0.2 Daemon Server] - 2025-11-09T16:52:37.761Z - Closed a connection. Number of open connections: 4
[NX v22.0.2 Daemon Server] - 2025-11-09T16:52:37.763Z - [REQUEST]: Client Request for Project Graph Received
[NX v22.0.2 Daemon Server] - 2025-11-09T16:52:37.763Z - Reusing in-memory cached project graph because no files changed.
[NX v22.0.2 Daemon Server] - 2025-11-09T16:52:37.791Z - Wrote project graph cache to /home/saint/Documents/Sematica/.nx/workspace-data/project-graph.json
[NX v22.0.2 Daemon Server] - 2025-11-09T16:52:37.791Z - [REQUEST]: Responding to the client. project-graph
[NX v22.0.2 Daemon Server] - 2025-11-09T16:52:37.794Z - Time taken for 'total for creating and serializing project graph' 28.39816600002814ms
[NX v22.0.2 Daemon Server] - 2025-11-09T16:52:37.810Z - Done responding to the client project-graph
[NX v22.0.2 Daemon Server] - 2025-11-09T16:52:37.811Z - Handled json message REQUEST_PROJECT_GRAPH. Handling time: 28. Response time: 19.
[NX v22.0.2 Daemon Server] - 2025-11-09T16:52:37.853Z - [REQUEST]: Responding to the client. handleContextFileData
[NX v22.0.2 Daemon Server] - 2025-11-09T16:52:37.854Z - Done responding to the client handleContextFileData
[NX v22.0.2 Daemon Server] - 2025-11-09T16:52:37.854Z - Handled json message GET_CONTEXT_FILE_DATA. Handling time: 1. Response time: 1.
[NX v22.0.2 Daemon Server] - 2025-11-09T16:52:37.856Z - Closed a connection. Number of open connections: 3
[NX v22.0.2 Daemon Server] - 2025-11-09T16:52:38.397Z - Closed a connection. Number of open connections: 2
[NX v22.0.2 Daemon Server] - 2025-11-09T16:52:38.404Z - Established a connection. Number of open connections: 3
[NX v22.0.2 Daemon Server] - 2025-11-09T16:52:38.405Z - Closed a connection. Number of open connections: 2
[NX v22.0.2 Daemon Server] - 2025-11-09T16:52:38.406Z - Established a connection. Number of open connections: 3
[NX v22.0.2 Daemon Server] - 2025-11-09T16:52:38.407Z - Closed a connection. Number of open connections: 2
[NX v22.0.2 Daemon Server] - 2025-11-09T16:52:38.407Z - Established a connection. Number of open connections: 3
[NX v22.0.2 Daemon Server] - 2025-11-09T16:52:38.409Z - [REQUEST]: Client Request for Project Graph Received
[NX v22.0.2 Daemon Server] - 2025-11-09T16:52:38.410Z - Reusing in-memory cached project graph because no files changed.
[NX v22.0.2 Daemon Server] - 2025-11-09T16:52:38.441Z - Wrote project graph cache to /home/saint/Documents/Sematica/.nx/workspace-data/project-graph.json
[NX v22.0.2 Daemon Server] - 2025-11-09T16:52:38.441Z - [REQUEST]: Responding to the client. project-graph
[NX v22.0.2 Daemon Server] - 2025-11-09T16:52:38.449Z - Time taken for 'total for creating and serializing project graph' 31.707082999986596ms
[NX v22.0.2 Daemon Server] - 2025-11-09T16:52:38.458Z - Done responding to the client project-graph
[NX v22.0.2 Daemon Server] - 2025-11-09T16:52:38.458Z - Handled json message REQUEST_PROJECT_GRAPH. Handling time: 32. Response time: 17.
[NX v22.0.2 Daemon Server] - 2025-11-09T16:52:38.492Z - [REQUEST]: Client Request for Project Graph Received
[NX v22.0.2 Daemon Server] - 2025-11-09T16:52:38.493Z - Reusing in-memory cached project graph because no files changed.
[NX v22.0.2 Daemon Server] - 2025-11-09T16:52:38.519Z - Wrote project graph cache to /home/saint/Documents/Sematica/.nx/workspace-data/project-graph.json
[NX v22.0.2 Daemon Server] - 2025-11-09T16:52:38.519Z - [REQUEST]: Responding to the client. project-graph
[NX v22.0.2 Daemon Server] - 2025-11-09T16:52:38.523Z - Time taken for 'total for creating and serializing project graph' 27.604613000061363ms
[NX v22.0.2 Daemon Server] - 2025-11-09T16:52:38.530Z - Done responding to the client project-graph
[NX v22.0.2 Daemon Server] - 2025-11-09T16:52:38.531Z - Handled json message REQUEST_PROJECT_GRAPH. Handling time: 27. Response time: 12.
[NX v22.0.2 Daemon Server] - 2025-11-09T16:52:38.563Z - Established a connection. Number of open connections: 4
[NX v22.0.2 Daemon Server] - 2025-11-09T16:52:52.446Z - [WATCHER]: 4 file(s) created or restored, 0 file(s) modified, 0 file(s) deleted
[NX v22.0.2 Daemon Server] - 2025-11-09T16:52:52.449Z - [WATCHER]: Processing file changes in outputs
[NX v22.0.2 Daemon Server] - 2025-11-09T16:52:52.506Z - [WATCHER]: 2 file(s) created or restored, 0 file(s) modified, 0 file(s) deleted
[NX v22.0.2 Daemon Server] - 2025-11-09T16:52:52.506Z - [WATCHER]: Processing file changes in outputs
[NX v22.0.2 Daemon Server] - 2025-11-09T16:52:52.550Z - [REQUEST]: Updated workspace context based on watched changes, recomputing project graph...
[NX v22.0.2 Daemon Server] - 2025-11-09T16:52:52.550Z - [REQUEST]: react/src/editor.component.tsx,react/src/create-fetch-config.function.ts,react/src/dropzone.component.tsx,react/src/delete-json.function.ts,react/src/get-json.function.ts,react/src/fetch-config.model.ts
[NX v22.0.2 Daemon Server] - 2025-11-09T16:52:52.550Z - [REQUEST]: 
Time for 'nx/core/project-json:createNodes' 0.2567879999987781
[NX v22.0.2 Daemon Server] - 2025-11-09T16:52:52.596Z - [REQUEST]: Responding to the client. handleHashGlob
[NX v22.0.2 Daemon Server] - 2025-11-09T16:52:52.596Z - Done responding to the client handleHashGlob
[NX v22.0.2 Daemon Server] - 2025-11-09T16:52:52.596Z - Handled json message HASH_GLOB. Handling time: 2. Response time: 0.
[NX v22.0.2 Daemon Server] - 2025-11-09T16:52:52.597Z - Time taken for 'hash changed files from watcher' 2.1283129999646917ms
Time for 'total for sendMessageToDaemon()' 10.519698000047356
Time for 'deserialize daemon response' 0.03804000001400709
[NX v22.0.2 Daemon Server] - 2025-11-09T16:52:52.600Z - [REQUEST]: Responding to the client. handleHashGlob
[NX v22.0.2 Daemon Server] - 2025-11-09T16:52:52.601Z - Done responding to the client handleHashGlob
[NX v22.0.2 Daemon Server] - 2025-11-09T16:52:52.601Z - Handled json message HASH_GLOB. Handling time: 2. Response time: 1.
Time for '@nx/js/typescript:createNodes' 23.16140300000552
Time for '@nx/next/plugin:createNodes' 22.77262800000608
Time for '@nx/js/typescript:createNodes' 19.99318999995012
Time for 'total for sendMessageToDaemon()' 5.69161300000269
Time for 'deserialize daemon response' 0.02526600006967783
Time for 'nx/core/package-json:createNodes' 12.44598900002893
Time for 'nx/js/dependencies-and-lockfile:createNodes' 15.374941000016406
[NX v22.0.2 Daemon Server] - 2025-11-09T16:52:52.652Z - Time taken for 'build-project-configs' 59.14874700002838ms
[NX v22.0.2 Daemon Server] - 2025-11-09T16:52:52.662Z - Time taken for '@nx/js/typescript:createDependencies' 17.546300999936648ms
[NX v22.0.2 Daemon Server] - 2025-11-09T16:52:52.664Z - Time taken for '@nx/js/typescript:createDependencies' 19.750297999940813ms
Time for 'build typescript dependencies' 20.514523999998346
[NX v22.0.2 Daemon Server] - 2025-11-09T16:52:52.724Z - [SYNC]: collect registered sync generators
[NX v22.0.2 Daemon Server] - 2025-11-09T16:52:52.725Z - [SYNC]: project graph hash is the same, not collecting task sync generators
[NX v22.0.2 Daemon Server] - 2025-11-09T16:52:52.725Z - [SYNC]: nx.json hash is the same, not collecting global sync generators
[NX v22.0.2 Daemon Server] - 2025-11-09T16:52:52.725Z - [SYNC]: scheduling: ["@nx/js:typescript-sync"]
[NX v22.0.2 Daemon Server] - 2025-11-09T16:52:52.725Z - [REQUEST]: Responding to the client. File watch changed
[NX v22.0.2 Daemon Server] - 2025-11-09T16:52:52.725Z - Done responding to the client File watch changed
[NX v22.0.2 Daemon Server] - 2025-11-09T16:52:52.726Z - Handled json message FILE-WATCH-CHANGED. Handling time: 0. Response time: 1.
[NX v22.0.2 Daemon Server] - 2025-11-09T16:52:52.726Z - Time taken for 'total execution time for createProjectGraph()' 84.63414700003341ms
[NX v22.0.2 Daemon Server] - 2025-11-09T16:52:54.191Z - [WATCHER]: react/src/index.ts was created or restored
[NX v22.0.2 Daemon Server] - 2025-11-09T16:52:54.192Z - [WATCHER]: Processing file changes in outputs
[NX v22.0.2 Daemon Server] - 2025-11-09T16:52:54.293Z - [REQUEST]: Updated workspace context based on watched changes, recomputing project graph...
[NX v22.0.2 Daemon Server] - 2025-11-09T16:52:54.293Z - [REQUEST]: react/src/index.ts
[NX v22.0.2 Daemon Server] - 2025-11-09T16:52:54.294Z - [REQUEST]: 
Time for '@nx/js/typescript:createNodes' 11.962272000033408
Time for '@nx/js/typescript:createNodes' 7.867857999983244
Time for 'nx/core/project-json:createNodes' 0.14159599994309247
[NX v22.0.2 Daemon Server] - 2025-11-09T16:52:54.344Z - [REQUEST]: Responding to the client. handleHashGlob
[NX v22.0.2 Daemon Server] - 2025-11-09T16:52:54.344Z - Done responding to the client handleHashGlob
[NX v22.0.2 Daemon Server] - 2025-11-09T16:52:54.344Z - Handled json message HASH_GLOB. Handling time: 10. Response time: 0.
[NX v22.0.2 Daemon Server] - 2025-11-09T16:52:54.344Z - Time taken for 'hash changed files from watcher' 0.33668200008105487ms
Time for 'nx/core/package-json:createNodes' 10.95425300009083
Time for 'total for sendMessageToDaemon()' 19.864044999936596
Time for 'deserialize daemon response' 0.028756999992765486
[NX v22.0.2 Daemon Server] - 2025-11-09T16:52:54.349Z - [REQUEST]: Responding to the client. handleHashGlob
[NX v22.0.2 Daemon Server] - 2025-11-09T16:52:54.351Z - Done responding to the client handleHashGlob
[NX v22.0.2 Daemon Server] - 2025-11-09T16:52:54.351Z - Handled json message HASH_GLOB. Handling time: 2. Response time: 2.
Time for '@nx/next/plugin:createNodes' 34.297482999973
Time for 'total for sendMessageToDaemon()' 3.782766000018455
Time for 'deserialize daemon response' 0.04798499995376915
Time for 'nx/js/dependencies-and-lockfile:createNodes' 22.94808700005524
[NX v22.0.2 Daemon Server] - 2025-11-09T16:52:54.431Z - Time taken for 'build-project-configs' 70.6451980000129ms
[NX v22.0.2 Daemon Server] - 2025-11-09T16:52:54.443Z - Time taken for '@nx/js/typescript:createDependencies' 34.98146599996835ms
[NX v22.0.2 Daemon Server] - 2025-11-09T16:52:54.447Z - Time taken for '@nx/js/typescript:createDependencies' 38.74431899993215ms
Time for 'build typescript dependencies' 9.075559000018984
[NX v22.0.2 Daemon Server] - 2025-11-09T16:52:54.513Z - [SYNC]: collect registered sync generators
[NX v22.0.2 Daemon Server] - 2025-11-09T16:52:54.514Z - [SYNC]: project graph hash is the same, not collecting task sync generators
[NX v22.0.2 Daemon Server] - 2025-11-09T16:52:54.514Z - [SYNC]: nx.json hash is the same, not collecting global sync generators
[NX v22.0.2 Daemon Server] - 2025-11-09T16:52:54.514Z - [SYNC]: scheduling: ["@nx/js:typescript-sync"]
[NX v22.0.2 Daemon Server] - 2025-11-09T16:52:54.518Z - [REQUEST]: Responding to the client. File watch changed
[NX v22.0.2 Daemon Server] - 2025-11-09T16:52:54.518Z - Done responding to the client File watch changed
[NX v22.0.2 Daemon Server] - 2025-11-09T16:52:54.519Z - Handled json message FILE-WATCH-CHANGED. Handling time: 0. Response time: 1.
[NX v22.0.2 Daemon Server] - 2025-11-09T16:52:54.522Z - Time taken for 'total execution time for createProjectGraph()' 116.83093199995346ms
[NX v22.0.2 Daemon Server] - 2025-11-09T16:52:59.125Z - [SYNC]: running scheduled generator @nx/js:typescript-sync
[NX v22.0.2 Daemon Server] - 2025-11-09T16:52:59.128Z - [REQUEST]: Client Request for Project Graph Received
[NX v22.0.2 Daemon Server] - 2025-11-09T16:52:59.129Z - Reusing in-memory cached project graph because no files changed.
[NX v22.0.2 Daemon Server] - 2025-11-09T16:52:59.141Z - Wrote project graph cache to /home/saint/Documents/Sematica/.nx/workspace-data/project-graph.json
[NX v22.0.2 Daemon Server] - 2025-11-09T16:52:59.142Z - [REQUEST]: Responding to the client. project-graph
[NX v22.0.2 Daemon Server] - 2025-11-09T16:52:59.152Z - Time taken for 'total for creating and serializing project graph' 13.224344999995083ms
[NX v22.0.2 Daemon Server] - 2025-11-09T16:52:59.163Z - Done responding to the client project-graph
[NX v22.0.2 Daemon Server] - 2025-11-09T16:52:59.163Z - Handled json message REQUEST_PROJECT_GRAPH. Handling time: 14. Response time: 21.
[NX v22.0.2 Daemon Server] - 2025-11-09T16:52:59.200Z - [SYNC]: @nx/js:typescript-sync changes: 
[NX v22.0.2 Daemon Server] - 2025-11-09T16:52:59.201Z - Time taken for 'run-sync-generator:@nx/js:typescript-sync' 74.581816000049ms
[NX v22.0.2 Daemon Server] - 2025-11-09T16:53:05.542Z - Established a connection. Number of open connections: 5
[NX v22.0.2 Daemon Server] - 2025-11-09T16:53:05.545Z - [REQUEST]: Client Request for Project Graph Received
[NX v22.0.2 Daemon Server] - 2025-11-09T16:53:05.547Z - Reusing in-memory cached project graph because no files changed.
[NX v22.0.2 Daemon Server] - 2025-11-09T16:53:05.572Z - Wrote project graph cache to /home/saint/Documents/Sematica/.nx/workspace-data/project-graph.json
[NX v22.0.2 Daemon Server] - 2025-11-09T16:53:05.573Z - [REQUEST]: Responding to the client. project-graph
[NX v22.0.2 Daemon Server] - 2025-11-09T16:53:05.576Z - Time taken for 'total for creating and serializing project graph' 27.669330999953672ms
[NX v22.0.2 Daemon Server] - 2025-11-09T16:53:05.577Z - Closed a connection. Number of open connections: 4
[NX v22.0.2 Daemon Server] - 2025-11-09T16:53:05.587Z - Done responding to the client project-graph
[NX v22.0.2 Daemon Server] - 2025-11-09T16:53:05.587Z - Handled json message REQUEST_PROJECT_GRAPH. Handling time: 28. Response time: 14.
[NX v22.0.2 Daemon Server] - 2025-11-09T16:53:05.614Z - [REQUEST]: Responding to the client. handleContextFileData
[NX v22.0.2 Daemon Server] - 2025-11-09T16:53:05.615Z - Done responding to the client handleContextFileData
[NX v22.0.2 Daemon Server] - 2025-11-09T16:53:05.615Z - Handled json message GET_CONTEXT_FILE_DATA. Handling time: 1. Response time: 1.
[NX v22.0.2 Daemon Server] - 2025-11-09T16:53:05.618Z - Closed a connection. Number of open connections: 3
[NX v22.0.2 Daemon Server] - 2025-11-09T16:53:06.071Z - Closed a connection. Number of open connections: 2
[NX v22.0.2 Daemon Server] - 2025-11-09T16:53:06.073Z - Established a connection. Number of open connections: 3
[NX v22.0.2 Daemon Server] - 2025-11-09T16:53:06.073Z - Closed a connection. Number of open connections: 2
[NX v22.0.2 Daemon Server] - 2025-11-09T16:53:06.073Z - Established a connection. Number of open connections: 3
[NX v22.0.2 Daemon Server] - 2025-11-09T16:53:06.074Z - Closed a connection. Number of open connections: 2
[NX v22.0.2 Daemon Server] - 2025-11-09T16:53:06.074Z - Established a connection. Number of open connections: 3
[NX v22.0.2 Daemon Server] - 2025-11-09T16:53:06.075Z - [REQUEST]: Client Request for Project Graph Received
[NX v22.0.2 Daemon Server] - 2025-11-09T16:53:06.075Z - Reusing in-memory cached project graph because no files changed.
[NX v22.0.2 Daemon Server] - 2025-11-09T16:53:06.085Z - Wrote project graph cache to /home/saint/Documents/Sematica/.nx/workspace-data/project-graph.json
[NX v22.0.2 Daemon Server] - 2025-11-09T16:53:06.085Z - [REQUEST]: Responding to the client. project-graph
[NX v22.0.2 Daemon Server] - 2025-11-09T16:53:06.087Z - Time taken for 'total for creating and serializing project graph' 10.739529000013135ms
[NX v22.0.2 Daemon Server] - 2025-11-09T16:53:06.092Z - Done responding to the client project-graph
[NX v22.0.2 Daemon Server] - 2025-11-09T16:53:06.092Z - Handled json message REQUEST_PROJECT_GRAPH. Handling time: 10. Response time: 7.
[NX v22.0.2 Daemon Server] - 2025-11-09T16:53:06.101Z - [REQUEST]: Client Request for Project Graph Received
[NX v22.0.2 Daemon Server] - 2025-11-09T16:53:06.101Z - Reusing in-memory cached project graph because no files changed.
[NX v22.0.2 Daemon Server] - 2025-11-09T16:53:06.110Z - Wrote project graph cache to /home/saint/Documents/Sematica/.nx/workspace-data/project-graph.json
[NX v22.0.2 Daemon Server] - 2025-11-09T16:53:06.110Z - [REQUEST]: Responding to the client. project-graph
[NX v22.0.2 Daemon Server] - 2025-11-09T16:53:06.112Z - Time taken for 'total for creating and serializing project graph' 8.787804999970831ms
[NX v22.0.2 Daemon Server] - 2025-11-09T16:53:06.120Z - Done responding to the client project-graph
[NX v22.0.2 Daemon Server] - 2025-11-09T16:53:06.120Z - Handled json message REQUEST_PROJECT_GRAPH. Handling time: 9. Response time: 10.
[NX v22.0.2 Daemon Server] - 2025-11-09T16:53:06.130Z - Established a connection. Number of open connections: 4
[NX v22.0.2 Daemon Server] - 2025-11-09T16:53:11.333Z - [WATCHER]: Processing file changes in outputs
[NX v22.0.2 Daemon Server] - 2025-11-09T16:53:11.335Z - [WATCHER]: 0 file(s) created or restored, 0 file(s) modified, 2 file(s) deleted
[NX v22.0.2 Daemon Server] - 2025-11-09T16:53:11.337Z - [REQUEST]: Responding to the client. File watch changed
[NX v22.0.2 Daemon Server] - 2025-11-09T16:53:11.337Z - Done responding to the client File watch changed
[NX v22.0.2 Daemon Server] - 2025-11-09T16:53:11.337Z - Handled json message FILE-WATCH-CHANGED. Handling time: 0. Response time: 0.
[NX v22.0.2 Daemon Server] - 2025-11-09T16:53:11.338Z - Time taken for 'changed-projects' 0.2709129999857396ms
[NX v22.0.2 Daemon Server] - 2025-11-09T16:53:11.437Z - [REQUEST]: Updated workspace context based on watched changes, recomputing project graph...
[NX v22.0.2 Daemon Server] - 2025-11-09T16:53:11.437Z - [REQUEST]: 
[NX v22.0.2 Daemon Server] - 2025-11-09T16:53:11.437Z - [REQUEST]: react/src/dropzone.component.tsx,react/src/editor.component.tsx
Time for 'nx/core/project-json:createNodes' 0.14096899994183332
[NX v22.0.2 Daemon Server] - 2025-11-09T16:53:11.449Z - [REQUEST]: Responding to the client. handleHashGlob
[NX v22.0.2 Daemon Server] - 2025-11-09T16:53:11.450Z - Done responding to the client handleHashGlob
[NX v22.0.2 Daemon Server] - 2025-11-09T16:53:11.451Z - Handled json message HASH_GLOB. Handling time: 2. Response time: 2.
Time for 'nx/core/package-json:createNodes' 5.655105000012554
[NX v22.0.2 Daemon Server] - 2025-11-09T16:53:11.451Z - Time taken for 'hash changed files from watcher' 0.2476040000328794ms
Time for '@nx/js/typescript:createNodes' 7.271378000034019
Time for 'total for sendMessageToDaemon()' 5.111557999975048
Time for 'deserialize daemon response' 0.033429999952204525
[NX v22.0.2 Daemon Server] - 2025-11-09T16:53:11.456Z - [REQUEST]: Responding to the client. handleHashGlob
[NX v22.0.2 Daemon Server] - 2025-11-09T16:53:11.456Z - Done responding to the client handleHashGlob
[NX v22.0.2 Daemon Server] - 2025-11-09T16:53:11.456Z - Handled json message HASH_GLOB. Handling time: 4. Response time: 0.
Time for '@nx/js/typescript:createNodes' 12.423917000065558
Time for '@nx/next/plugin:createNodes' 16.853772999951616
Time for 'total for sendMessageToDaemon()' 8.144819999928586
Time for 'deserialize daemon response' 0.050470000016503036
Time for 'nx/js/dependencies-and-lockfile:createNodes' 10.471657000016421
[NX v22.0.2 Daemon Server] - 2025-11-09T16:53:11.495Z - Time taken for 'build-project-configs' 33.622634000028484ms
[NX v22.0.2 Daemon Server] - 2025-11-09T16:53:11.503Z - Time taken for '@nx/js/typescript:createDependencies' 15.743868999998085ms
[NX v22.0.2 Daemon Server] - 2025-11-09T16:53:11.504Z - Time taken for '@nx/js/typescript:createDependencies' 16.12739700009115ms
Time for 'build typescript dependencies' 0.04307499993592501
[NX v22.0.2 Daemon Server] - 2025-11-09T16:53:11.544Z - [SYNC]: collect registered sync generators
[NX v22.0.2 Daemon Server] - 2025-11-09T16:53:11.545Z - [SYNC]: project graph hash is the same, not collecting task sync generators
[NX v22.0.2 Daemon Server] - 2025-11-09T16:53:11.545Z - [SYNC]: nx.json hash is the same, not collecting global sync generators
[NX v22.0.2 Daemon Server] - 2025-11-09T16:53:11.545Z - [SYNC]: scheduling: ["@nx/js:typescript-sync"]
[NX v22.0.2 Daemon Server] - 2025-11-09T16:53:11.545Z - Time taken for 'total execution time for createProjectGraph()' 61.50372899998911ms
[NX v22.0.2 Daemon Server] - 2025-11-09T16:53:17.945Z - [SYNC]: running scheduled generator @nx/js:typescript-sync
[NX v22.0.2 Daemon Server] - 2025-11-09T16:53:17.950Z - [REQUEST]: Client Request for Project Graph Received
[NX v22.0.2 Daemon Server] - 2025-11-09T16:53:17.951Z - Reusing in-memory cached project graph because no files changed.
[NX v22.0.2 Daemon Server] - 2025-11-09T16:53:17.979Z - Wrote project graph cache to /home/saint/Documents/Sematica/.nx/workspace-data/project-graph.json
[NX v22.0.2 Daemon Server] - 2025-11-09T16:53:17.979Z - [REQUEST]: Responding to the client. project-graph
[NX v22.0.2 Daemon Server] - 2025-11-09T16:53:17.984Z - Time taken for 'total for creating and serializing project graph' 29.306251000030898ms
[NX v22.0.2 Daemon Server] - 2025-11-09T16:53:18.006Z - Done responding to the client project-graph
[NX v22.0.2 Daemon Server] - 2025-11-09T16:53:18.006Z - Handled json message REQUEST_PROJECT_GRAPH. Handling time: 29. Response time: 27.
[NX v22.0.2 Daemon Server] - 2025-11-09T16:53:18.047Z - [SYNC]: @nx/js:typescript-sync changes: 
[NX v22.0.2 Daemon Server] - 2025-11-09T16:53:18.048Z - Time taken for 'run-sync-generator:@nx/js:typescript-sync' 101.56884700001683ms
[NX v22.0.2 Daemon Server] - 2025-11-09T16:53:22.364Z - Established a connection. Number of open connections: 5
[NX v22.0.2 Daemon Server] - 2025-11-09T16:53:22.367Z - [REQUEST]: Client Request for Project Graph Received
[NX v22.0.2 Daemon Server] - 2025-11-09T16:53:22.368Z - Reusing in-memory cached project graph because no files changed.
[NX v22.0.2 Daemon Server] - 2025-11-09T16:53:22.395Z - Wrote project graph cache to /home/saint/Documents/Sematica/.nx/workspace-data/project-graph.json
[NX v22.0.2 Daemon Server] - 2025-11-09T16:53:22.396Z - [REQUEST]: Responding to the client. project-graph
[NX v22.0.2 Daemon Server] - 2025-11-09T16:53:22.400Z - Time taken for 'total for creating and serializing project graph' 28.399053000030108ms
[NX v22.0.2 Daemon Server] - 2025-11-09T16:53:22.400Z - Closed a connection. Number of open connections: 4
[NX v22.0.2 Daemon Server] - 2025-11-09T16:53:22.413Z - Done responding to the client project-graph
[NX v22.0.2 Daemon Server] - 2025-11-09T16:53:22.414Z - Handled json message REQUEST_PROJECT_GRAPH. Handling time: 29. Response time: 18.
[NX v22.0.2 Daemon Server] - 2025-11-09T16:53:22.462Z - [REQUEST]: Responding to the client. handleContextFileData
[NX v22.0.2 Daemon Server] - 2025-11-09T16:53:22.463Z - Done responding to the client handleContextFileData
[NX v22.0.2 Daemon Server] - 2025-11-09T16:53:22.463Z - Handled json message GET_CONTEXT_FILE_DATA. Handling time: 1. Response time: 1.
[NX v22.0.2 Daemon Server] - 2025-11-09T16:53:22.471Z - Closed a connection. Number of open connections: 3
[NX v22.0.2 Daemon Server] - 2025-11-09T16:53:23.030Z - Closed a connection. Number of open connections: 2
[NX v22.0.2 Daemon Server] - 2025-11-09T16:53:23.039Z - Established a connection. Number of open connections: 3
[NX v22.0.2 Daemon Server] - 2025-11-09T16:53:23.040Z - Closed a connection. Number of open connections: 2
[NX v22.0.2 Daemon Server] - 2025-11-09T16:53:23.043Z - Established a connection. Number of open connections: 3
[NX v22.0.2 Daemon Server] - 2025-11-09T16:53:23.044Z - Established a connection. Number of open connections: 4
[NX v22.0.2 Daemon Server] - 2025-11-09T16:53:23.044Z - Closed a connection. Number of open connections: 3
[NX v22.0.2 Daemon Server] - 2025-11-09T16:53:23.047Z - [REQUEST]: Client Request for Project Graph Received
[NX v22.0.2 Daemon Server] - 2025-11-09T16:53:23.048Z - Reusing in-memory cached project graph because no files changed.
[NX v22.0.2 Daemon Server] - 2025-11-09T16:53:23.071Z - Wrote project graph cache to /home/saint/Documents/Sematica/.nx/workspace-data/project-graph.json
[NX v22.0.2 Daemon Server] - 2025-11-09T16:53:23.071Z - [REQUEST]: Responding to the client. project-graph
[NX v22.0.2 Daemon Server] - 2025-11-09T16:53:23.074Z - Time taken for 'total for creating and serializing project graph' 24.05018299992662ms
[NX v22.0.2 Daemon Server] - 2025-11-09T16:53:23.087Z - Done responding to the client project-graph
[NX v22.0.2 Daemon Server] - 2025-11-09T16:53:23.088Z - Handled json message REQUEST_PROJECT_GRAPH. Handling time: 24. Response time: 17.
[NX v22.0.2 Daemon Server] - 2025-11-09T16:53:23.112Z - [REQUEST]: Client Request for Project Graph Received
[NX v22.0.2 Daemon Server] - 2025-11-09T16:53:23.113Z - Reusing in-memory cached project graph because no files changed.
[NX v22.0.2 Daemon Server] - 2025-11-09T16:53:23.140Z - Wrote project graph cache to /home/saint/Documents/Sematica/.nx/workspace-data/project-graph.json
[NX v22.0.2 Daemon Server] - 2025-11-09T16:53:23.141Z - [REQUEST]: Responding to the client. project-graph
[NX v22.0.2 Daemon Server] - 2025-11-09T16:53:23.144Z - Time taken for 'total for creating and serializing project graph' 28.757234000018798ms
[NX v22.0.2 Daemon Server] - 2025-11-09T16:53:23.153Z - Done responding to the client project-graph
[NX v22.0.2 Daemon Server] - 2025-11-09T16:53:23.153Z - Handled json message REQUEST_PROJECT_GRAPH. Handling time: 29. Response time: 12.
[NX v22.0.2 Daemon Server] - 2025-11-09T16:53:23.186Z - Established a connection. Number of open connections: 4
[NX v22.0.2 Daemon Server] - 2025-11-09T16:53:55.080Z - [WATCHER]: Processing file changes in outputs
[NX v22.0.2 Daemon Server] - 2025-11-09T16:53:55.084Z - [WATCHER]: 4 file(s) created or restored, 0 file(s) modified, 0 file(s) deleted
[NX v22.0.2 Daemon Server] - 2025-11-09T16:53:55.190Z - [REQUEST]: Updated workspace context based on watched changes, recomputing project graph...
[NX v22.0.2 Daemon Server] - 2025-11-09T16:53:55.191Z - [REQUEST]: react/src/users/use-users-page.function.ts,react/src/users/use-accessToken.ts,react/src/users/use-user.function.ts,react/src/users/index.ts
[NX v22.0.2 Daemon Server] - 2025-11-09T16:53:55.192Z - [REQUEST]: 
Time for '@nx/js/typescript:createNodes' 7.2106930000009015
Time for 'nx/core/project-json:createNodes' 0.09520900005009025
[NX v22.0.2 Daemon Server] - 2025-11-09T16:53:55.224Z - [REQUEST]: Responding to the client. handleHashGlob
[NX v22.0.2 Daemon Server] - 2025-11-09T16:53:55.224Z - Done responding to the client handleHashGlob
[NX v22.0.2 Daemon Server] - 2025-11-09T16:53:55.224Z - Handled json message HASH_GLOB. Handling time: 3. Response time: 0.
[NX v22.0.2 Daemon Server] - 2025-11-09T16:53:55.224Z - Time taken for 'hash changed files from watcher' 4.621036999975331ms
Time for 'nx/core/package-json:createNodes' 9.526886999956332
Time for '@nx/js/typescript:createNodes' 30.006610000040382
Time for 'total for sendMessageToDaemon()' 29.676295000012033
Time for 'deserialize daemon response' 0.03270899993367493
[NX v22.0.2 Daemon Server] - 2025-11-09T16:53:55.251Z - [REQUEST]: Responding to the client. handleHashGlob
[NX v22.0.2 Daemon Server] - 2025-11-09T16:53:55.252Z - Done responding to the client handleHashGlob
[NX v22.0.2 Daemon Server] - 2025-11-09T16:53:55.254Z - Handled json message HASH_GLOB. Handling time: 10. Response time: 2.
Time for 'nx/js/dependencies-and-lockfile:createNodes' 31.92071199999191
Time for '@nx/next/plugin:createNodes' 54.870026999968104
Time for 'total for sendMessageToDaemon()' 16.911701999953948
Time for 'deserialize daemon response' 0.04529299994464964
[NX v22.0.2 Daemon Server] - 2025-11-09T16:53:55.389Z - Time taken for 'build-project-configs' 84.149134999956ms
[NX v22.0.2 Daemon Server] - 2025-11-09T16:53:55.398Z - Time taken for '@nx/js/typescript:createDependencies' 47.20369800005574ms
[NX v22.0.2 Daemon Server] - 2025-11-09T16:53:55.401Z - Time taken for '@nx/js/typescript:createDependencies' 50.67040200007614ms
Time for 'build typescript dependencies' 19.42597000009846
[NX v22.0.2 Daemon Server] - 2025-11-09T16:53:55.523Z - [SYNC]: collect registered sync generators
[NX v22.0.2 Daemon Server] - 2025-11-09T16:53:55.524Z - [SYNC]: project graph hash is the same, not collecting task sync generators
[NX v22.0.2 Daemon Server] - 2025-11-09T16:53:55.524Z - [SYNC]: nx.json hash is the same, not collecting global sync generators
[NX v22.0.2 Daemon Server] - 2025-11-09T16:53:55.524Z - [SYNC]: scheduling: ["@nx/js:typescript-sync"]
[NX v22.0.2 Daemon Server] - 2025-11-09T16:53:55.524Z - [REQUEST]: Responding to the client. File watch changed
[NX v22.0.2 Daemon Server] - 2025-11-09T16:53:55.525Z - Done responding to the client File watch changed
[NX v22.0.2 Daemon Server] - 2025-11-09T16:53:55.525Z - Handled json message FILE-WATCH-CHANGED. Handling time: 0. Response time: 1.
[NX v22.0.2 Daemon Server] - 2025-11-09T16:53:55.526Z - Time taken for 'total execution time for createProjectGraph()' 191.78934899996966ms
[NX v22.0.2 Daemon Server] - 2025-11-09T16:54:01.924Z - [SYNC]: running scheduled generator @nx/js:typescript-sync
[NX v22.0.2 Daemon Server] - 2025-11-09T16:54:01.933Z - [REQUEST]: Client Request for Project Graph Received
[NX v22.0.2 Daemon Server] - 2025-11-09T16:54:01.934Z - Reusing in-memory cached project graph because no files changed.
[NX v22.0.2 Daemon Server] - 2025-11-09T16:54:01.963Z - Wrote project graph cache to /home/saint/Documents/Sematica/.nx/workspace-data/project-graph.json
[NX v22.0.2 Daemon Server] - 2025-11-09T16:54:01.964Z - [REQUEST]: Responding to the client. project-graph
[NX v22.0.2 Daemon Server] - 2025-11-09T16:54:01.970Z - Time taken for 'total for creating and serializing project graph' 30.83097600005567ms
[NX v22.0.2 Daemon Server] - 2025-11-09T16:54:01.991Z - Done responding to the client project-graph
[NX v22.0.2 Daemon Server] - 2025-11-09T16:54:01.991Z - Handled json message REQUEST_PROJECT_GRAPH. Handling time: 30. Response time: 28.
[NX v22.0.2 Daemon Server] - 2025-11-09T16:54:02.041Z - [SYNC]: @nx/js:typescript-sync changes: 
[NX v22.0.2 Daemon Server] - 2025-11-09T16:54:02.042Z - Time taken for 'run-sync-generator:@nx/js:typescript-sync' 116.34808600007091ms
[NX v22.0.2 Daemon Server] - 2025-11-09T16:54:06.556Z - Established a connection. Number of open connections: 5
[NX v22.0.2 Daemon Server] - 2025-11-09T16:54:06.559Z - [REQUEST]: Client Request for Project Graph Received
[NX v22.0.2 Daemon Server] - 2025-11-09T16:54:06.566Z - Reusing in-memory cached project graph because no files changed.
[NX v22.0.2 Daemon Server] - 2025-11-09T16:54:06.605Z - Wrote project graph cache to /home/saint/Documents/Sematica/.nx/workspace-data/project-graph.json
[NX v22.0.2 Daemon Server] - 2025-11-09T16:54:06.605Z - [REQUEST]: Responding to the client. project-graph
[NX v22.0.2 Daemon Server] - 2025-11-09T16:54:06.615Z - Time taken for 'total for creating and serializing project graph' 46.15721500001382ms
[NX v22.0.2 Daemon Server] - 2025-11-09T16:54:06.616Z - Closed a connection. Number of open connections: 4
[NX v22.0.2 Daemon Server] - 2025-11-09T16:54:06.625Z - Done responding to the client project-graph
[NX v22.0.2 Daemon Server] - 2025-11-09T16:54:06.625Z - Handled json message REQUEST_PROJECT_GRAPH. Handling time: 46. Response time: 20.
[NX v22.0.2 Daemon Server] - 2025-11-09T16:54:06.660Z - [REQUEST]: Responding to the client. handleContextFileData
[NX v22.0.2 Daemon Server] - 2025-11-09T16:54:06.661Z - Done responding to the client handleContextFileData
[NX v22.0.2 Daemon Server] - 2025-11-09T16:54:06.661Z - Handled json message GET_CONTEXT_FILE_DATA. Handling time: 1. Response time: 1.
[NX v22.0.2 Daemon Server] - 2025-11-09T16:54:06.665Z - Closed a connection. Number of open connections: 3
[NX v22.0.2 Daemon Server] - 2025-11-09T16:54:06.986Z - Closed a connection. Number of open connections: 2
[NX v22.0.2 Daemon Server] - 2025-11-09T16:54:06.988Z - Established a connection. Number of open connections: 3
[NX v22.0.2 Daemon Server] - 2025-11-09T16:54:06.988Z - Closed a connection. Number of open connections: 2
[NX v22.0.2 Daemon Server] - 2025-11-09T16:54:06.989Z - Established a connection. Number of open connections: 3
[NX v22.0.2 Daemon Server] - 2025-11-09T16:54:06.989Z - Established a connection. Number of open connections: 4
[NX v22.0.2 Daemon Server] - 2025-11-09T16:54:06.989Z - Closed a connection. Number of open connections: 3
[NX v22.0.2 Daemon Server] - 2025-11-09T16:54:06.990Z - [REQUEST]: Client Request for Project Graph Received
[NX v22.0.2 Daemon Server] - 2025-11-09T16:54:06.990Z - Reusing in-memory cached project graph because no files changed.
[NX v22.0.2 Daemon Server] - 2025-11-09T16:54:07.007Z - Wrote project graph cache to /home/saint/Documents/Sematica/.nx/workspace-data/project-graph.json
[NX v22.0.2 Daemon Server] - 2025-11-09T16:54:07.008Z - [REQUEST]: Responding to the client. project-graph
[NX v22.0.2 Daemon Server] - 2025-11-09T16:54:07.009Z - Time taken for 'total for creating and serializing project graph' 17.82409699994605ms
[NX v22.0.2 Daemon Server] - 2025-11-09T16:54:07.014Z - Done responding to the client project-graph
[NX v22.0.2 Daemon Server] - 2025-11-09T16:54:07.014Z - Handled json message REQUEST_PROJECT_GRAPH. Handling time: 18. Response time: 6.
[NX v22.0.2 Daemon Server] - 2025-11-09T16:54:07.029Z - [REQUEST]: Client Request for Project Graph Received
[NX v22.0.2 Daemon Server] - 2025-11-09T16:54:07.030Z - Reusing in-memory cached project graph because no files changed.
[NX v22.0.2 Daemon Server] - 2025-11-09T16:54:07.054Z - Wrote project graph cache to /home/saint/Documents/Sematica/.nx/workspace-data/project-graph.json
[NX v22.0.2 Daemon Server] - 2025-11-09T16:54:07.055Z - [REQUEST]: Responding to the client. project-graph
[NX v22.0.2 Daemon Server] - 2025-11-09T16:54:07.057Z - Time taken for 'total for creating and serializing project graph' 25.602872999967076ms
[NX v22.0.2 Daemon Server] - 2025-11-09T16:54:07.062Z - Done responding to the client project-graph
[NX v22.0.2 Daemon Server] - 2025-11-09T16:54:07.062Z - Handled json message REQUEST_PROJECT_GRAPH. Handling time: 26. Response time: 7.
[NX v22.0.2 Daemon Server] - 2025-11-09T16:54:07.075Z - Established a connection. Number of open connections: 4
[NX v22.0.2 Daemon Server] - 2025-11-09T16:55:47.879Z - [WATCHER]: 0 file(s) created or restored, 0 file(s) modified, 0 file(s) deleted
[NX v22.0.2 Daemon Server] - 2025-11-09T16:55:47.959Z - [WATCHER]: Processing file changes in outputs
[NX v22.0.2 Daemon Server] - 2025-11-09T16:55:47.963Z - [WATCHER]: 3 file(s) created or restored, 0 file(s) modified, 0 file(s) deleted
[NX v22.0.2 Daemon Server] - 2025-11-09T16:55:47.989Z - [REQUEST]: Updated workspace context based on watched changes, recomputing project graph...
[NX v22.0.2 Daemon Server] - 2025-11-09T16:55:47.995Z - [REQUEST]: sematicca-system-com/src/app/api/api/users/auth/route.ts,sematicca-system-com/src/app/api/api/users/route.ts,sematicca-system-com/src/app/api/api/users/[user_id]/route.ts
[NX v22.0.2 Daemon Server] - 2025-11-09T16:55:47.996Z - [REQUEST]: 
Time for 'nx/core/project-json:createNodes' 0.11433100001886487
Time for '@nx/js/typescript:createNodes' 12.700162999914028
[NX v22.0.2 Daemon Server] - 2025-11-09T16:55:48.034Z - [WATCHER]: 2 file(s) created or restored, 0 file(s) modified, 0 file(s) deleted
[NX v22.0.2 Daemon Server] - 2025-11-09T16:55:48.034Z - [WATCHER]: Processing file changes in outputs
Time for 'nx/core/package-json:createNodes' 5.821801000041887
[NX v22.0.2 Daemon Server] - 2025-11-09T16:55:48.037Z - [REQUEST]: Responding to the client. handleHashGlob
[NX v22.0.2 Daemon Server] - 2025-11-09T16:55:48.037Z - Done responding to the client handleHashGlob
[NX v22.0.2 Daemon Server] - 2025-11-09T16:55:48.037Z - Handled json message HASH_GLOB. Handling time: 2. Response time: 0.
Time for '@nx/js/typescript:createNodes' 13.127310000010766
Time for 'total for sendMessageToDaemon()' 14.23423400009051
Time for 'deserialize daemon response' 0.029883000068366528
[NX v22.0.2 Daemon Server] - 2025-11-09T16:55:48.038Z - Time taken for 'hash changed files from watcher' 3.700933000072837ms
[NX v22.0.2 Daemon Server] - 2025-11-09T16:55:48.040Z - [REQUEST]: Responding to the client. handleHashGlob
[NX v22.0.2 Daemon Server] - 2025-11-09T16:55:48.040Z - Done responding to the client handleHashGlob
[NX v22.0.2 Daemon Server] - 2025-11-09T16:55:48.040Z - Handled json message HASH_GLOB. Handling time: 1. Response time: 0.
Time for 'nx/js/dependencies-and-lockfile:createNodes' 13.353701999993064
Time for '@nx/next/plugin:createNodes' 22.95692699996289
Time for 'total for sendMessageToDaemon()' 2.6816230000695214
Time for 'deserialize daemon response' 0.030673000030219555
[NX v22.0.2 Daemon Server] - 2025-11-09T16:55:48.083Z - Time taken for 'build-project-configs' 38.5743220000295ms
[NX v22.0.2 Daemon Server] - 2025-11-09T16:55:48.092Z - [WATCHER]: 4 file(s) created or restored, 0 file(s) modified, 0 file(s) deleted
[NX v22.0.2 Daemon Server] - 2025-11-09T16:55:48.092Z - [WATCHER]: Processing file changes in outputs
[NX v22.0.2 Daemon Server] - 2025-11-09T16:55:48.093Z - Time taken for '@nx/js/typescript:createDependencies' 20.323164000059478ms
[NX v22.0.2 Daemon Server] - 2025-11-09T16:55:48.137Z - [REQUEST]: Updated workspace context based on watched changes, recomputing project graph...
[NX v22.0.2 Daemon Server] - 2025-11-09T16:55:48.138Z - [REQUEST]: sematicca-system-com/src/app/api/api/admins/[admin_id]/route.ts,sematicca-system-com/src/app/api/api/articles/[article_id]/route.ts,sematicca-system-com/src/app/api/api/articles/[article_id]/cover-image/route.ts,sematicca-system-com/src/app/api/api/articles/route.ts
[NX v22.0.2 Daemon Server] - 2025-11-09T16:55:48.138Z - [REQUEST]: 
Time for 'build typescript dependencies' 33.89523499994539
[NX v22.0.2 Daemon Server] - 2025-11-09T16:55:48.161Z - [WATCHER]: 3 file(s) created or restored, 0 file(s) modified, 0 file(s) deleted
Time for 'nx/core/project-json:createNodes' 0.12063500005751848
[NX v22.0.2 Daemon Server] - 2025-11-09T16:55:48.162Z - [WATCHER]: Processing file changes in outputs
Time for '@nx/js/typescript:createNodes' 8.49857900000643
Time for 'nx/core/package-json:createNodes' 5.952419999986887
Time for '@nx/js/typescript:createNodes' 6.685747000039555
[NX v22.0.2 Daemon Server] - 2025-11-09T16:55:48.183Z - [REQUEST]: Responding to the client. handleHashGlob
[NX v22.0.2 Daemon Server] - 2025-11-09T16:55:48.183Z - Done responding to the client handleHashGlob
[NX v22.0.2 Daemon Server] - 2025-11-09T16:55:48.183Z - Handled json message HASH_GLOB. Handling time: 9. Response time: 0.
[NX v22.0.2 Daemon Server] - 2025-11-09T16:55:48.184Z - Time taken for 'hash changed files from watcher' 2.8613320000004023ms
Time for 'total for sendMessageToDaemon()' 28.982097000000067
Time for 'deserialize daemon response' 0.03180400002747774
Time for 'nx/js/dependencies-and-lockfile:createNodes' 18.084123000036925
[NX v22.0.2 Daemon Server] - 2025-11-09T16:55:48.192Z - [REQUEST]: Responding to the client. handleHashGlob
[NX v22.0.2 Daemon Server] - 2025-11-09T16:55:48.193Z - Done responding to the client handleHashGlob
[NX v22.0.2 Daemon Server] - 2025-11-09T16:55:48.193Z - Handled json message HASH_GLOB. Handling time: 1. Response time: 1.
Time for '@nx/next/plugin:createNodes' 42.8668319999706
Time for 'total for sendMessageToDaemon()' 8.19399999990128
Time for 'deserialize daemon response' 0.12463699991349131
[NX v22.0.2 Daemon Server] - 2025-11-09T16:55:48.199Z - [WATCHER]: 2 file(s) created or restored, 0 file(s) modified, 0 file(s) deleted
[NX v22.0.2 Daemon Server] - 2025-11-09T16:55:48.199Z - [WATCHER]: Processing file changes in outputs
[NX v22.0.2 Daemon Server] - 2025-11-09T16:55:48.303Z - [SYNC]: collect registered sync generators
[NX v22.0.2 Daemon Server] - 2025-11-09T16:55:48.304Z - [SYNC]: project graph hash is the same, not collecting task sync generators
[NX v22.0.2 Daemon Server] - 2025-11-09T16:55:48.304Z - [SYNC]: nx.json hash is the same, not collecting global sync generators
[NX v22.0.2 Daemon Server] - 2025-11-09T16:55:48.305Z - [SYNC]: scheduling: ["@nx/js:typescript-sync"]
[NX v22.0.2 Daemon Server] - 2025-11-09T16:55:48.305Z - Time taken for 'createDependencies' 155.2304530000547ms
[NX v22.0.2 Daemon Server] - 2025-11-09T16:55:48.308Z - [REQUEST]: Updated workspace context based on watched changes, recomputing project graph...
[NX v22.0.2 Daemon Server] - 2025-11-09T16:55:48.309Z - [REQUEST]: 
[NX v22.0.2 Daemon Server] - 2025-11-09T16:55:48.309Z - [REQUEST]: 
Time for 'nx/core/project-json:createNodes' 0.3924970000516623
[NX v22.0.2 Daemon Server] - 2025-11-09T16:55:48.362Z - [WATCHER]: 3 file(s) created or restored, 0 file(s) modified, 0 file(s) deleted
[NX v22.0.2 Daemon Server] - 2025-11-09T16:55:48.368Z - [WATCHER]: sematicca-system-com/src/app/api/api/password-changes/[password_change_id]/route.ts was modified
[NX v22.0.2 Daemon Server] - 2025-11-09T16:55:48.369Z - [REQUEST]: Responding to the client. File watch changed
[NX v22.0.2 Daemon Server] - 2025-11-09T16:55:48.369Z - Done responding to the client File watch changed
[NX v22.0.2 Daemon Server] - 2025-11-09T16:55:48.370Z - Handled json message FILE-WATCH-CHANGED. Handling time: 1. Response time: 1.
[NX v22.0.2 Daemon Server] - 2025-11-09T16:55:48.370Z - [WATCHER]: Processing file changes in outputs
[NX v22.0.2 Daemon Server] - 2025-11-09T16:55:48.375Z - [REQUEST]: Responding to the client. handleHashGlob
[NX v22.0.2 Daemon Server] - 2025-11-09T16:55:48.375Z - Done responding to the client handleHashGlob
[NX v22.0.2 Daemon Server] - 2025-11-09T16:55:48.375Z - Handled json message HASH_GLOB. Handling time: 3. Response time: 0.
[NX v22.0.2 Daemon Server] - 2025-11-09T16:55:48.376Z - Time taken for 'hash changed files from watcher' 0.22507000004407018ms
Time for 'nx/core/package-json:createNodes' 20.46910400001798
Time for 'total for sendMessageToDaemon()' 31.239077999955043
Time for 'deserialize daemon response' 0.05290299991611391
[NX v22.0.2 Daemon Server] - 2025-11-09T16:55:48.392Z - [REQUEST]: Responding to the client. handleHashGlob
[NX v22.0.2 Daemon Server] - 2025-11-09T16:55:48.393Z - Done responding to the client handleHashGlob
[NX v22.0.2 Daemon Server] - 2025-11-09T16:55:48.393Z - Handled json message HASH_GLOB. Handling time: 6. Response time: 1.
[NX v22.0.2 Daemon Server] - 2025-11-09T16:55:48.402Z - Time taken for '@nx/js/typescript:createDependencies' 137.69097700004932ms
Time for '@nx/next/plugin:createNodes' 60.132980000111274
Time for 'total for sendMessageToDaemon()' 16.494563999935053
Time for 'deserialize daemon response' 0.04746599995996803
Time for '@nx/js/typescript:createNodes' 14.590322000090964
[NX v22.0.2 Daemon Server] - 2025-11-09T16:55:48.421Z - Time taken for '@nx/js/typescript:createDependencies' 156.7044890000252ms
Time for '@nx/js/typescript:createNodes' 24.432749000028707
Time for 'build typescript dependencies' 52.77474499994423
Time for 'nx/js/dependencies-and-lockfile:createNodes' 16.057596000027843
[NX v22.0.2 Daemon Server] - 2025-11-09T16:55:48.518Z - [SYNC]: collect registered sync generators
[NX v22.0.2 Daemon Server] - 2025-11-09T16:55:48.519Z - [SYNC]: project graph hash is the same, not collecting task sync generators
[NX v22.0.2 Daemon Server] - 2025-11-09T16:55:48.519Z - [SYNC]: nx.json hash is the same, not collecting global sync generators
[NX v22.0.2 Daemon Server] - 2025-11-09T16:55:48.519Z - [SYNC]: scheduling: ["@nx/js:typescript-sync"]
[NX v22.0.2 Daemon Server] - 2025-11-09T16:55:48.519Z - [REQUEST]: Responding to the client. File watch changed
[NX v22.0.2 Daemon Server] - 2025-11-09T16:55:48.520Z - Done responding to the client File watch changed
[NX v22.0.2 Daemon Server] - 2025-11-09T16:55:48.520Z - Handled json message FILE-WATCH-CHANGED. Handling time: 0. Response time: 1.
[NX v22.0.2 Daemon Server] - 2025-11-09T16:55:48.520Z - Time taken for 'total execution time for createProjectGraph()' 267.2912409999408ms
[NX v22.0.2 Daemon Server] - 2025-11-09T16:55:48.522Z - [REQUEST]: Updated workspace context based on watched changes, recomputing project graph...
[NX v22.0.2 Daemon Server] - 2025-11-09T16:55:48.523Z - [REQUEST]: sematicca-system-com/src/app/api/api/password-changes/[password_change_id]/route.ts,sematicca-system-com/src/app/api/api/password-changes/route.ts,sematicca-system-com/src/app/api/api/access-tokens/route.ts
[NX v22.0.2 Daemon Server] - 2025-11-09T16:55:48.523Z - [REQUEST]: 
Time for 'nx/core/package-json:createNodes' 3.708963999990374
Time for 'nx/core/project-json:createNodes' 0.11886300006881356
Time for '@nx/js/typescript:createNodes' 44.41571400000248
Time for '@nx/js/typescript:createNodes' 29.111731000011787
[NX v22.0.2 Daemon Server] - 2025-11-09T16:55:48.587Z - [REQUEST]: Responding to the client. handleHashGlob
[NX v22.0.2 Daemon Server] - 2025-11-09T16:55:48.587Z - Done responding to the client handleHashGlob
[NX v22.0.2 Daemon Server] - 2025-11-09T16:55:48.587Z - Handled json message HASH_GLOB. Handling time: 6. Response time: 0.
[NX v22.0.2 Daemon Server] - 2025-11-09T16:55:48.588Z - Time taken for 'hash changed files from watcher' 1.9398020000662655ms
Time for 'nx/js/dependencies-and-lockfile:createNodes' 23.058071000035852
Time for 'total for sendMessageToDaemon()' 51.24471800005995
Time for 'deserialize daemon response' 0.02736400009598583
[NX v22.0.2 Daemon Server] - 2025-11-09T16:55:48.648Z - [REQUEST]: Responding to the client. handleHashGlob
[NX v22.0.2 Daemon Server] - 2025-11-09T16:55:48.648Z - Done responding to the client handleHashGlob
[NX v22.0.2 Daemon Server] - 2025-11-09T16:55:48.648Z - Handled json message HASH_GLOB. Handling time: 4. Response time: 0.
[NX v22.0.2 Daemon Server] - 2025-11-09T16:55:48.648Z - Time taken for 'build-project-configs' 83.53223800007254ms
Time for '@nx/next/plugin:createNodes' 123.54170800000429
Time for 'total for sendMessageToDaemon()' 60.00555300002452
Time for 'deserialize daemon response' 0.03480800008401275
Time for 'build typescript dependencies' 0.057853000005707145
[NX v22.0.2 Daemon Server] - 2025-11-09T16:55:48.696Z - Time taken for 'build-project-configs' 130.9422819999745ms
[NX v22.0.2 Daemon Server] - 2025-11-09T16:55:48.698Z - Time taken for '@nx/js/typescript:createDependencies' 14.257144000031985ms
[NX v22.0.2 Daemon Server] - 2025-11-09T16:55:48.723Z - [SYNC]: collect registered sync generators
[NX v22.0.2 Daemon Server] - 2025-11-09T16:55:48.723Z - [SYNC]: project graph hash is the same, not collecting task sync generators
[NX v22.0.2 Daemon Server] - 2025-11-09T16:55:48.724Z - [SYNC]: nx.json hash is the same, not collecting global sync generators
[NX v22.0.2 Daemon Server] - 2025-11-09T16:55:48.724Z - [SYNC]: scheduling: ["@nx/js:typescript-sync"]
[NX v22.0.2 Daemon Server] - 2025-11-09T16:55:48.724Z - [REQUEST]: Responding to the client. File watch changed
[NX v22.0.2 Daemon Server] - 2025-11-09T16:55:48.724Z - Done responding to the client File watch changed
[NX v22.0.2 Daemon Server] - 2025-11-09T16:55:48.724Z - Handled json message FILE-WATCH-CHANGED. Handling time: 0. Response time: 0.
[NX v22.0.2 Daemon Server] - 2025-11-09T16:55:48.724Z - Time taken for 'total execution time for createProjectGraph()' 50.44632800004911ms
[NX v22.0.2 Daemon Server] - 2025-11-09T16:55:48.743Z - Time taken for '@nx/js/typescript:createDependencies' 42.04953800002113ms
Time for 'build typescript dependencies' 57.170547000016086
[NX v22.0.2 Daemon Server] - 2025-11-09T16:55:48.832Z - [SYNC]: collect registered sync generators
[NX v22.0.2 Daemon Server] - 2025-11-09T16:55:48.833Z - [SYNC]: project graph hash is the same, not collecting task sync generators
[NX v22.0.2 Daemon Server] - 2025-11-09T16:55:48.834Z - [SYNC]: nx.json hash is the same, not collecting global sync generators
[NX v22.0.2 Daemon Server] - 2025-11-09T16:55:48.834Z - [SYNC]: scheduling: ["@nx/js:typescript-sync"]
[NX v22.0.2 Daemon Server] - 2025-11-09T16:55:48.835Z - [REQUEST]: Responding to the client. File watch changed
[NX v22.0.2 Daemon Server] - 2025-11-09T16:55:48.837Z - Done responding to the client File watch changed
[NX v22.0.2 Daemon Server] - 2025-11-09T16:55:48.837Z - Handled json message FILE-WATCH-CHANGED. Handling time: 0. Response time: 2.
[NX v22.0.2 Daemon Server] - 2025-11-09T16:55:48.838Z - Time taken for 'total execution time for createProjectGraph()' 159.0617449999554ms
[NX v22.0.2 Daemon Server] - 2025-11-09T16:55:54.705Z - [SYNC]: running scheduled generator @nx/js:typescript-sync
[NX v22.0.2 Daemon Server] - 2025-11-09T16:55:54.709Z - [REQUEST]: Client Request for Project Graph Received
[NX v22.0.2 Daemon Server] - 2025-11-09T16:55:54.710Z - Reusing in-memory cached project graph because no files changed.
[NX v22.0.2 Daemon Server] - 2025-11-09T16:55:54.732Z - Wrote project graph cache to /home/saint/Documents/Sematica/.nx/workspace-data/project-graph.json
[NX v22.0.2 Daemon Server] - 2025-11-09T16:55:54.733Z - [REQUEST]: Responding to the client. project-graph
[NX v22.0.2 Daemon Server] - 2025-11-09T16:55:54.736Z - Time taken for 'total for creating and serializing project graph' 23.07519400003366ms
[NX v22.0.2 Daemon Server] - 2025-11-09T16:55:54.747Z - Done responding to the client project-graph
[NX v22.0.2 Daemon Server] - 2025-11-09T16:55:54.747Z - Handled json message REQUEST_PROJECT_GRAPH. Handling time: 24. Response time: 14.
[NX v22.0.2 Daemon Server] - 2025-11-09T16:55:54.777Z - [SYNC]: @nx/js:typescript-sync changes: 
[NX v22.0.2 Daemon Server] - 2025-11-09T16:55:54.778Z - Time taken for 'run-sync-generator:@nx/js:typescript-sync' 72.01137999992352ms
[NX v22.0.2 Daemon Server] - 2025-11-09T16:55:59.859Z - Established a connection. Number of open connections: 5
[NX v22.0.2 Daemon Server] - 2025-11-09T16:55:59.861Z - [REQUEST]: Client Request for Project Graph Received
[NX v22.0.2 Daemon Server] - 2025-11-09T16:55:59.862Z - Reusing in-memory cached project graph because no files changed.
[NX v22.0.2 Daemon Server] - 2025-11-09T16:55:59.893Z - Wrote project graph cache to /home/saint/Documents/Sematica/.nx/workspace-data/project-graph.json
[NX v22.0.2 Daemon Server] - 2025-11-09T16:55:59.893Z - [REQUEST]: Responding to the client. project-graph
[NX v22.0.2 Daemon Server] - 2025-11-09T16:55:59.896Z - Time taken for 'total for creating and serializing project graph' 31.908775999909267ms
[NX v22.0.2 Daemon Server] - 2025-11-09T16:55:59.897Z - Closed a connection. Number of open connections: 4
[NX v22.0.2 Daemon Server] - 2025-11-09T16:55:59.908Z - Done responding to the client project-graph
[NX v22.0.2 Daemon Server] - 2025-11-09T16:55:59.908Z - Handled json message REQUEST_PROJECT_GRAPH. Handling time: 32. Response time: 15.
[NX v22.0.2 Daemon Server] - 2025-11-09T16:55:59.935Z - [REQUEST]: Responding to the client. handleContextFileData
[NX v22.0.2 Daemon Server] - 2025-11-09T16:55:59.935Z - Done responding to the client handleContextFileData
[NX v22.0.2 Daemon Server] - 2025-11-09T16:55:59.936Z - Handled json message GET_CONTEXT_FILE_DATA. Handling time: 2. Response time: 0.
[NX v22.0.2 Daemon Server] - 2025-11-09T16:55:59.947Z - Closed a connection. Number of open connections: 3
[NX v22.0.2 Daemon Server] - 2025-11-09T16:56:00.206Z - Closed a connection. Number of open connections: 2
[NX v22.0.2 Daemon Server] - 2025-11-09T16:56:00.209Z - Established a connection. Number of open connections: 3
[NX v22.0.2 Daemon Server] - 2025-11-09T16:56:00.210Z - Closed a connection. Number of open connections: 2
[NX v22.0.2 Daemon Server] - 2025-11-09T16:56:00.210Z - Established a connection. Number of open connections: 3
[NX v22.0.2 Daemon Server] - 2025-11-09T16:56:00.211Z - Closed a connection. Number of open connections: 2
[NX v22.0.2 Daemon Server] - 2025-11-09T16:56:00.211Z - Established a connection. Number of open connections: 3
[NX v22.0.2 Daemon Server] - 2025-11-09T16:56:00.212Z - [REQUEST]: Client Request for Project Graph Received
[NX v22.0.2 Daemon Server] - 2025-11-09T16:56:00.212Z - Reusing in-memory cached project graph because no files changed.
[NX v22.0.2 Daemon Server] - 2025-11-09T16:56:00.228Z - Wrote project graph cache to /home/saint/Documents/Sematica/.nx/workspace-data/project-graph.json
[NX v22.0.2 Daemon Server] - 2025-11-09T16:56:00.228Z - [REQUEST]: Responding to the client. project-graph
[NX v22.0.2 Daemon Server] - 2025-11-09T16:56:00.229Z - Time taken for 'total for creating and serializing project graph' 16.277053999947384ms
[NX v22.0.2 Daemon Server] - 2025-11-09T16:56:00.233Z - Done responding to the client project-graph
[NX v22.0.2 Daemon Server] - 2025-11-09T16:56:00.233Z - Handled json message REQUEST_PROJECT_GRAPH. Handling time: 16. Response time: 5.
[NX v22.0.2 Daemon Server] - 2025-11-09T16:56:00.245Z - [REQUEST]: Client Request for Project Graph Received
[NX v22.0.2 Daemon Server] - 2025-11-09T16:56:00.245Z - Reusing in-memory cached project graph because no files changed.
[NX v22.0.2 Daemon Server] - 2025-11-09T16:56:00.260Z - Wrote project graph cache to /home/saint/Documents/Sematica/.nx/workspace-data/project-graph.json
[NX v22.0.2 Daemon Server] - 2025-11-09T16:56:00.260Z - [REQUEST]: Responding to the client. project-graph
[NX v22.0.2 Daemon Server] - 2025-11-09T16:56:00.261Z - Time taken for 'total for creating and serializing project graph' 15.083119999966584ms
[NX v22.0.2 Daemon Server] - 2025-11-09T16:56:00.265Z - Done responding to the client project-graph
[NX v22.0.2 Daemon Server] - 2025-11-09T16:56:00.265Z - Handled json message REQUEST_PROJECT_GRAPH. Handling time: 15. Response time: 5.
[NX v22.0.2 Daemon Server] - 2025-11-09T16:56:00.273Z - Established a connection. Number of open connections: 4
[NX v22.0.2 Daemon Server] - 2025-11-09T16:56:30.229Z - [WATCHER]: Processing file changes in outputs
[NX v22.0.2 Daemon Server] - 2025-11-09T16:56:30.231Z - [WATCHER]: 1 file(s) created or restored, 0 file(s) modified, 1 file(s) deleted
[NX v22.0.2 Daemon Server] - 2025-11-09T16:56:30.231Z - [REQUEST]: Responding to the client. File watch changed
[NX v22.0.2 Daemon Server] - 2025-11-09T16:56:30.232Z - Done responding to the client File watch changed
[NX v22.0.2 Daemon Server] - 2025-11-09T16:56:30.233Z - Handled json message FILE-WATCH-CHANGED. Handling time: 0. Response time: 2.
[NX v22.0.2 Daemon Server] - 2025-11-09T16:56:30.233Z - Time taken for 'changed-projects' 0.09491200000047684ms
[NX v22.0.2 Daemon Server] - 2025-11-09T16:56:30.332Z - [REQUEST]: Updated workspace context based on watched changes, recomputing project graph...
[NX v22.0.2 Daemon Server] - 2025-11-09T16:56:30.332Z - [REQUEST]: 
[NX v22.0.2 Daemon Server] - 2025-11-09T16:56:30.332Z - [REQUEST]: sematicca-system-com/src/app/api/api
Time for '@nx/js/typescript:createNodes' 9.636052999994718
Time for 'nx/core/project-json:createNodes' 0.11909399996511638
Time for '@nx/js/typescript:createNodes' 9.47522999998182
[NX v22.0.2 Daemon Server] - 2025-11-09T16:56:30.376Z - [REQUEST]: Responding to the client. handleHashGlob
[NX v22.0.2 Daemon Server] - 2025-11-09T16:56:30.377Z - Done responding to the client handleHashGlob
[NX v22.0.2 Daemon Server] - 2025-11-09T16:56:30.377Z - Handled json message HASH_GLOB. Handling time: 8. Response time: 1.
[NX v22.0.2 Daemon Server] - 2025-11-09T16:56:30.380Z - Time taken for 'hash changed files from watcher' 0.2863349999533966ms
Time for 'total for sendMessageToDaemon()' 24.229303000029176
Time for 'deserialize daemon response' 0.028042000019922853
Time for 'nx/core/package-json:createNodes' 27.656451000017114
[NX v22.0.2 Daemon Server] - 2025-11-09T16:56:30.400Z - [REQUEST]: Responding to the client. handleHashGlob
[NX v22.0.2 Daemon Server] - 2025-11-09T16:56:30.401Z - Done responding to the client handleHashGlob
[NX v22.0.2 Daemon Server] - 2025-11-09T16:56:30.402Z - Handled json message HASH_GLOB. Handling time: 8. Response time: 2.
Time for '@nx/next/plugin:createNodes' 51.13080499996431
Time for 'total for sendMessageToDaemon()' 16.449259000015445
Time for 'deserialize daemon response' 0.3961719999788329
Time for 'nx/js/dependencies-and-lockfile:createNodes' 40.7510229999898
[NX v22.0.2 Daemon Server] - 2025-11-09T16:56:30.474Z - Time taken for 'build-project-configs' 76.3172219999833ms
[NX v22.0.2 Daemon Server] - 2025-11-09T16:56:30.508Z - Time taken for '@nx/js/typescript:createDependencies' 54.01310899993405ms
[NX v22.0.2 Daemon Server] - 2025-11-09T16:56:30.510Z - Time taken for '@nx/js/typescript:createDependencies' 55.47817099990789ms
Time for 'build typescript dependencies' 0.1358569998992607
[NX v22.0.2 Daemon Server] - 2025-11-09T16:56:30.591Z - [SYNC]: collect registered sync generators
[NX v22.0.2 Daemon Server] - 2025-11-09T16:56:30.595Z - [SYNC]: project graph hash is the same, not collecting task sync generators
[NX v22.0.2 Daemon Server] - 2025-11-09T16:56:30.595Z - [SYNC]: nx.json hash is the same, not collecting global sync generators
[NX v22.0.2 Daemon Server] - 2025-11-09T16:56:30.595Z - [SYNC]: scheduling: ["@nx/js:typescript-sync"]
[NX v22.0.2 Daemon Server] - 2025-11-09T16:56:30.595Z - Time taken for 'total execution time for createProjectGraph()' 144.14484399999492ms
[NX v22.0.2 Daemon Server] - 2025-11-09T16:56:36.995Z - [SYNC]: running scheduled generator @nx/js:typescript-sync
[NX v22.0.2 Daemon Server] - 2025-11-09T16:56:37.000Z - [REQUEST]: Client Request for Project Graph Received
[NX v22.0.2 Daemon Server] - 2025-11-09T16:56:37.002Z - Reusing in-memory cached project graph because no files changed.
[NX v22.0.2 Daemon Server] - 2025-11-09T16:56:37.029Z - Wrote project graph cache to /home/saint/Documents/Sematica/.nx/workspace-data/project-graph.json
[NX v22.0.2 Daemon Server] - 2025-11-09T16:56:37.030Z - [REQUEST]: Responding to the client. project-graph
[NX v22.0.2 Daemon Server] - 2025-11-09T16:56:37.035Z - Time taken for 'total for creating and serializing project graph' 29.025722000049427ms
[NX v22.0.2 Daemon Server] - 2025-11-09T16:56:37.056Z - Done responding to the client project-graph
[NX v22.0.2 Daemon Server] - 2025-11-09T16:56:37.057Z - Handled json message REQUEST_PROJECT_GRAPH. Handling time: 29. Response time: 28.
[NX v22.0.2 Daemon Server] - 2025-11-09T16:56:37.111Z - [SYNC]: @nx/js:typescript-sync changes: 
[NX v22.0.2 Daemon Server] - 2025-11-09T16:56:37.111Z - Time taken for 'run-sync-generator:@nx/js:typescript-sync' 115.1232280000113ms
[NX v22.0.2 Daemon Server] - 2025-11-09T16:56:41.273Z - Established a connection. Number of open connections: 5
[NX v22.0.2 Daemon Server] - 2025-11-09T16:56:41.275Z - Closed a connection. Number of open connections: 4
[NX v22.0.2 Daemon Server] - 2025-11-09T16:56:41.278Z - [REQUEST]: Client Request for Project Graph Received
[NX v22.0.2 Daemon Server] - 2025-11-09T16:56:41.278Z - Reusing in-memory cached project graph because no files changed.
[NX v22.0.2 Daemon Server] - 2025-11-09T16:56:41.315Z - Wrote project graph cache to /home/saint/Documents/Sematica/.nx/workspace-data/project-graph.json
[NX v22.0.2 Daemon Server] - 2025-11-09T16:56:41.315Z - [REQUEST]: Responding to the client. project-graph
[NX v22.0.2 Daemon Server] - 2025-11-09T16:56:41.319Z - Time taken for 'total for creating and serializing project graph' 37.76188100001309ms
[NX v22.0.2 Daemon Server] - 2025-11-09T16:56:41.330Z - Done responding to the client project-graph
[NX v22.0.2 Daemon Server] - 2025-11-09T16:56:41.330Z - Handled json message REQUEST_PROJECT_GRAPH. Handling time: 38. Response time: 15.
[NX v22.0.2 Daemon Server] - 2025-11-09T16:56:41.362Z - [REQUEST]: Responding to the client. handleContextFileData
[NX v22.0.2 Daemon Server] - 2025-11-09T16:56:41.363Z - Done responding to the client handleContextFileData
[NX v22.0.2 Daemon Server] - 2025-11-09T16:56:41.363Z - Handled json message GET_CONTEXT_FILE_DATA. Handling time: 1. Response time: 1.
[NX v22.0.2 Daemon Server] - 2025-11-09T16:56:41.371Z - Closed a connection. Number of open connections: 3
[NX v22.0.2 Daemon Server] - 2025-11-09T16:56:41.556Z - Closed a connection. Number of open connections: 2
[NX v22.0.2 Daemon Server] - 2025-11-09T16:56:41.558Z - Established a connection. Number of open connections: 3
[NX v22.0.2 Daemon Server] - 2025-11-09T16:56:41.558Z - Closed a connection. Number of open connections: 2
[NX v22.0.2 Daemon Server] - 2025-11-09T16:56:41.559Z - Established a connection. Number of open connections: 3
[NX v22.0.2 Daemon Server] - 2025-11-09T16:56:41.559Z - Closed a connection. Number of open connections: 2
[NX v22.0.2 Daemon Server] - 2025-11-09T16:56:41.559Z - Established a connection. Number of open connections: 3
[NX v22.0.2 Daemon Server] - 2025-11-09T16:56:41.560Z - [REQUEST]: Client Request for Project Graph Received
[NX v22.0.2 Daemon Server] - 2025-11-09T16:56:41.560Z - Reusing in-memory cached project graph because no files changed.
[NX v22.0.2 Daemon Server] - 2025-11-09T16:56:41.568Z - Wrote project graph cache to /home/saint/Documents/Sematica/.nx/workspace-data/project-graph.json
[NX v22.0.2 Daemon Server] - 2025-11-09T16:56:41.569Z - [REQUEST]: Responding to the client. project-graph
[NX v22.0.2 Daemon Server] - 2025-11-09T16:56:41.571Z - Time taken for 'total for creating and serializing project graph' 8.841508999932557ms
[NX v22.0.2 Daemon Server] - 2025-11-09T16:56:41.579Z - Done responding to the client project-graph
[NX v22.0.2 Daemon Server] - 2025-11-09T16:56:41.580Z - Handled json message REQUEST_PROJECT_GRAPH. Handling time: 9. Response time: 11.
[NX v22.0.2 Daemon Server] - 2025-11-09T16:56:41.590Z - [REQUEST]: Client Request for Project Graph Received
[NX v22.0.2 Daemon Server] - 2025-11-09T16:56:41.590Z - Reusing in-memory cached project graph because no files changed.
[NX v22.0.2 Daemon Server] - 2025-11-09T16:56:41.598Z - Wrote project graph cache to /home/saint/Documents/Sematica/.nx/workspace-data/project-graph.json
[NX v22.0.2 Daemon Server] - 2025-11-09T16:56:41.599Z - [REQUEST]: Responding to the client. project-graph
[NX v22.0.2 Daemon Server] - 2025-11-09T16:56:41.600Z - Time taken for 'total for creating and serializing project graph' 8.590893000015058ms
[NX v22.0.2 Daemon Server] - 2025-11-09T16:56:41.606Z - Done responding to the client project-graph
[NX v22.0.2 Daemon Server] - 2025-11-09T16:56:41.607Z - Handled json message REQUEST_PROJECT_GRAPH. Handling time: 9. Response time: 8.
[NX v22.0.2 Daemon Server] - 2025-11-09T16:56:41.619Z - Established a connection. Number of open connections: 4
[NX v22.0.2 Daemon Server] - 2025-11-09T16:56:42.888Z - [WATCHER]: sematicca-system-com/src/app/api/hello/route.ts was deleted
[NX v22.0.2 Daemon Server] - 2025-11-09T16:56:42.911Z - [REQUEST]: Responding to the client. File watch changed
[NX v22.0.2 Daemon Server] - 2025-11-09T16:56:42.912Z - Done responding to the client File watch changed
[NX v22.0.2 Daemon Server] - 2025-11-09T16:56:42.912Z - Handled json message FILE-WATCH-CHANGED. Handling time: 22. Response time: 1.
[NX v22.0.2 Daemon Server] - 2025-11-09T16:56:42.912Z - [WATCHER]: Processing file changes in outputs
[NX v22.0.2 Daemon Server] - 2025-11-09T16:56:42.913Z - Time taken for 'changed-projects' 0.20484700007364154ms
[NX v22.0.2 Daemon Server] - 2025-11-09T16:56:42.989Z - [REQUEST]: Updated workspace context based on watched changes, recomputing project graph...
[NX v22.0.2 Daemon Server] - 2025-11-09T16:56:42.992Z - [REQUEST]: 
[NX v22.0.2 Daemon Server] - 2025-11-09T16:56:42.995Z - [REQUEST]: sematicca-system-com/src/app/api/hello/route.ts
Time for 'nx/core/project-json:createNodes' 0.12568000005558133
[NX v22.0.2 Daemon Server] - 2025-11-09T16:56:43.067Z - [REQUEST]: Responding to the client. handleHashGlob
Time for 'total for sendMessageToDaemon()' 26.347550999955274
Time for 'deserialize daemon response' 0.029810999985784292
[NX v22.0.2 Daemon Server] - 2025-11-09T16:56:43.070Z - Done responding to the client handleHashGlob
[NX v22.0.2 Daemon Server] - 2025-11-09T16:56:43.070Z - Handled json message HASH_GLOB. Handling time: 10. Response time: 3.
Time for '@nx/js/typescript:createNodes' 30.929639999987558
[NX v22.0.2 Daemon Server] - 2025-11-09T16:56:43.071Z - Time taken for 'hash changed files from watcher' 0.5015830000629649ms
[NX v22.0.2 Daemon Server] - 2025-11-09T16:56:43.079Z - [REQUEST]: Responding to the client. handleHashGlob
[NX v22.0.2 Daemon Server] - 2025-11-09T16:56:43.079Z - Done responding to the client handleHashGlob
[NX v22.0.2 Daemon Server] - 2025-11-09T16:56:43.079Z - Handled json message HASH_GLOB. Handling time: 6. Response time: 0.
Time for 'nx/js/dependencies-and-lockfile:createNodes' 27.487477999995463
Time for '@nx/js/typescript:createNodes' 54.43606700003147
Time for '@nx/next/plugin:createNodes' 56.26773600000888
Time for 'total for sendMessageToDaemon()' 12.33776000002399
Time for 'deserialize daemon response' 0.028211000026203692
Time for 'nx/core/package-json:createNodes' 27.058100000023842
[NX v22.0.2 Daemon Server] - 2025-11-09T16:56:43.141Z - Time taken for 'build-project-configs' 79.53924399998505ms
[NX v22.0.2 Daemon Server] - 2025-11-09T16:56:43.156Z - Time taken for '@nx/js/typescript:createDependencies' 25.889866999932565ms
Time for 'build typescript dependencies' 0.02428800007328391
[NX v22.0.2 Daemon Server] - 2025-11-09T16:56:43.212Z - [SYNC]: collect registered sync generators
[NX v22.0.2 Daemon Server] - 2025-11-09T16:56:43.213Z - [SYNC]: project graph hash is the same, not collecting task sync generators
[NX v22.0.2 Daemon Server] - 2025-11-09T16:56:43.213Z - [SYNC]: nx.json hash is the same, not collecting global sync generators
[NX v22.0.2 Daemon Server] - 2025-11-09T16:56:43.213Z - [SYNC]: scheduling: ["@nx/js:typescript-sync"]
[NX v22.0.2 Daemon Server] - 2025-11-09T16:56:43.214Z - Time taken for 'total execution time for createProjectGraph()' 84.62688600004185ms
[NX v22.0.2 Daemon Server] - 2025-11-09T16:56:49.040Z - [WATCHER]: 1 file(s) created or restored, 0 file(s) modified, 1 file(s) deleted
[NX v22.0.2 Daemon Server] - 2025-11-09T16:56:49.041Z - [REQUEST]: Responding to the client. File watch changed
[NX v22.0.2 Daemon Server] - 2025-11-09T16:56:49.041Z - Done responding to the client File watch changed
[NX v22.0.2 Daemon Server] - 2025-11-09T16:56:49.041Z - Handled json message FILE-WATCH-CHANGED. Handling time: 0. Response time: 0.
[NX v22.0.2 Daemon Server] - 2025-11-09T16:56:49.041Z - [WATCHER]: Processing file changes in outputs
[NX v22.0.2 Daemon Server] - 2025-11-09T16:56:49.042Z - Time taken for 'changed-projects' 0.1442479999968782ms
[NX v22.0.2 Daemon Server] - 2025-11-09T16:56:49.242Z - [REQUEST]: Updated workspace context based on watched changes, recomputing project graph...
[NX v22.0.2 Daemon Server] - 2025-11-09T16:56:49.242Z - [REQUEST]: 
[NX v22.0.2 Daemon Server] - 2025-11-09T16:56:49.242Z - [REQUEST]: sematicca-system-com/src/api
Time for 'nx/core/project-json:createNodes' 0.11298600002191961
[NX v22.0.2 Daemon Server] - 2025-11-09T16:56:49.288Z - [REQUEST]: Responding to the client. handleHashGlob
[NX v22.0.2 Daemon Server] - 2025-11-09T16:56:49.288Z - Done responding to the client handleHashGlob
[NX v22.0.2 Daemon Server] - 2025-11-09T16:56:49.289Z - Handled json message HASH_GLOB. Handling time: 17. Response time: 0.
[NX v22.0.2 Daemon Server] - 2025-11-09T16:56:49.290Z - Time taken for 'hash changed files from watcher' 0.28377400001045316ms
Time for '@nx/js/typescript:createNodes' 26.48386100004427
Time for '@nx/js/typescript:createNodes' 33.79163999995217
Time for 'total for sendMessageToDaemon()' 37.6050689999247
Time for 'deserialize daemon response' 0.026803999906405807
Time for 'nx/core/package-json:createNodes' 19.68449600005988
[NX v22.0.2 Daemon Server] - 2025-11-09T16:56:49.314Z - [REQUEST]: Responding to the client. handleHashGlob
[NX v22.0.2 Daemon Server] - 2025-11-09T16:56:49.314Z - Done responding to the client handleHashGlob
[NX v22.0.2 Daemon Server] - 2025-11-09T16:56:49.314Z - Handled json message HASH_GLOB. Handling time: 4. Response time: 0.
Time for '@nx/next/plugin:createNodes' 55.88431400002446
Time for 'total for sendMessageToDaemon()' 12.740859000012279
Time for 'deserialize daemon response' 0.03180399991106242
Time for 'nx/js/dependencies-and-lockfile:createNodes' 43.3230400000466
[NX v22.0.2 Daemon Server] - 2025-11-09T16:56:49.422Z - Time taken for 'build-project-configs' 113.30235400004312ms
[NX v22.0.2 Daemon Server] - 2025-11-09T16:56:49.446Z - Time taken for '@nx/js/typescript:createDependencies' 41.36584500002209ms
[NX v22.0.2 Daemon Server] - 2025-11-09T16:56:49.453Z - Time taken for '@nx/js/typescript:createDependencies' 48.425921000074595ms
Time for 'build typescript dependencies' 0.03425899997819215
[NX v22.0.2 Daemon Server] - 2025-11-09T16:56:49.506Z - [SYNC]: collect registered sync generators
[NX v22.0.2 Daemon Server] - 2025-11-09T16:56:49.507Z - [SYNC]: project graph hash is the same, not collecting task sync generators
[NX v22.0.2 Daemon Server] - 2025-11-09T16:56:49.507Z - [SYNC]: nx.json hash is the same, not collecting global sync generators
[NX v22.0.2 Daemon Server] - 2025-11-09T16:56:49.508Z - [SYNC]: scheduling: ["@nx/js:typescript-sync"]
[NX v22.0.2 Daemon Server] - 2025-11-09T16:56:49.508Z - Time taken for 'total execution time for createProjectGraph()' 127.05986300006043ms
[NX v22.0.2 Daemon Server] - 2025-11-09T16:56:49.614Z - [SYNC]: running scheduled generator @nx/js:typescript-sync
[NX v22.0.2 Daemon Server] - 2025-11-09T16:56:49.624Z - [REQUEST]: Client Request for Project Graph Received
[NX v22.0.2 Daemon Server] - 2025-11-09T16:56:49.627Z - Reusing in-memory cached project graph because no files changed.
[NX v22.0.2 Daemon Server] - 2025-11-09T16:56:49.649Z - Wrote project graph cache to /home/saint/Documents/Sematica/.nx/workspace-data/project-graph.json
[NX v22.0.2 Daemon Server] - 2025-11-09T16:56:49.649Z - [REQUEST]: Responding to the client. project-graph
[NX v22.0.2 Daemon Server] - 2025-11-09T16:56:49.656Z - Time taken for 'total for creating and serializing project graph' 25.333624999970198ms
[NX v22.0.2 Daemon Server] - 2025-11-09T16:56:49.672Z - Done responding to the client project-graph
[NX v22.0.2 Daemon Server] - 2025-11-09T16:56:49.673Z - Handled json message REQUEST_PROJECT_GRAPH. Handling time: 25. Response time: 24.
[NX v22.0.2 Daemon Server] - 2025-11-09T16:56:49.694Z - [SYNC]: @nx/js:typescript-sync changes: 
[NX v22.0.2 Daemon Server] - 2025-11-09T16:56:49.695Z - Time taken for 'run-sync-generator:@nx/js:typescript-sync' 79.43343600002117ms
[NX v22.0.2 Daemon Server] - 2025-11-09T16:57:00.067Z - Established a connection. Number of open connections: 5
[NX v22.0.2 Daemon Server] - 2025-11-09T16:57:00.070Z - [REQUEST]: Client Request for Project Graph Received
[NX v22.0.2 Daemon Server] - 2025-11-09T16:57:00.071Z - Reusing in-memory cached project graph because no files changed.
[NX v22.0.2 Daemon Server] - 2025-11-09T16:57:00.111Z - Wrote project graph cache to /home/saint/Documents/Sematica/.nx/workspace-data/project-graph.json
[NX v22.0.2 Daemon Server] - 2025-11-09T16:57:00.111Z - [REQUEST]: Responding to the client. project-graph
[NX v22.0.2 Daemon Server] - 2025-11-09T16:57:00.117Z - Time taken for 'total for creating and serializing project graph' 41.485464000026695ms
[NX v22.0.2 Daemon Server] - 2025-11-09T16:57:00.117Z - Closed a connection. Number of open connections: 4
[NX v22.0.2 Daemon Server] - 2025-11-09T16:57:00.128Z - Done responding to the client project-graph
[NX v22.0.2 Daemon Server] - 2025-11-09T16:57:00.129Z - Handled json message REQUEST_PROJECT_GRAPH. Handling time: 41. Response time: 18.
[NX v22.0.2 Daemon Server] - 2025-11-09T16:57:00.168Z - [REQUEST]: Responding to the client. handleContextFileData
[NX v22.0.2 Daemon Server] - 2025-11-09T16:57:00.169Z - Done responding to the client handleContextFileData
[NX v22.0.2 Daemon Server] - 2025-11-09T16:57:00.169Z - Handled json message GET_CONTEXT_FILE_DATA. Handling time: 1. Response time: 1.
[NX v22.0.2 Daemon Server] - 2025-11-09T16:57:00.172Z - Closed a connection. Number of open connections: 3
[NX v22.0.2 Daemon Server] - 2025-11-09T16:57:00.686Z - Closed a connection. Number of open connections: 2
[NX v22.0.2 Daemon Server] - 2025-11-09T16:57:00.706Z - Established a connection. Number of open connections: 3
[NX v22.0.2 Daemon Server] - 2025-11-09T16:57:00.706Z - Established a connection. Number of open connections: 4
[NX v22.0.2 Daemon Server] - 2025-11-09T16:57:00.706Z - Closed a connection. Number of open connections: 3
[NX v22.0.2 Daemon Server] - 2025-11-09T16:57:00.706Z - Established a connection. Number of open connections: 4
[NX v22.0.2 Daemon Server] - 2025-11-09T16:57:00.707Z - Closed a connection. Number of open connections: 3
[NX v22.0.2 Daemon Server] - 2025-11-09T16:57:00.708Z - [REQUEST]: Client Request for Project Graph Received
[NX v22.0.2 Daemon Server] - 2025-11-09T16:57:00.708Z - Reusing in-memory cached project graph because no files changed.
[NX v22.0.2 Daemon Server] - 2025-11-09T16:57:00.717Z - Wrote project graph cache to /home/saint/Documents/Sematica/.nx/workspace-data/project-graph.json
[NX v22.0.2 Daemon Server] - 2025-11-09T16:57:00.717Z - [REQUEST]: Responding to the client. project-graph
[NX v22.0.2 Daemon Server] - 2025-11-09T16:57:00.718Z - Time taken for 'total for creating and serializing project graph' 9.755276000010781ms
[NX v22.0.2 Daemon Server] - 2025-11-09T16:57:00.721Z - Done responding to the client project-graph
[NX v22.0.2 Daemon Server] - 2025-11-09T16:57:00.722Z - Handled json message REQUEST_PROJECT_GRAPH. Handling time: 9. Response time: 5.
[NX v22.0.2 Daemon Server] - 2025-11-09T16:57:00.734Z - [REQUEST]: Client Request for Project Graph Received
[NX v22.0.2 Daemon Server] - 2025-11-09T16:57:00.734Z - Reusing in-memory cached project graph because no files changed.
[NX v22.0.2 Daemon Server] - 2025-11-09T16:57:00.742Z - Wrote project graph cache to /home/saint/Documents/Sematica/.nx/workspace-data/project-graph.json
[NX v22.0.2 Daemon Server] - 2025-11-09T16:57:00.743Z - [REQUEST]: Responding to the client. project-graph
[NX v22.0.2 Daemon Server] - 2025-11-09T16:57:00.744Z - Time taken for 'total for creating and serializing project graph' 9.174929999979213ms
[NX v22.0.2 Daemon Server] - 2025-11-09T16:57:00.748Z - Done responding to the client project-graph
[NX v22.0.2 Daemon Server] - 2025-11-09T16:57:00.748Z - Handled json message REQUEST_PROJECT_GRAPH. Handling time: 9. Response time: 5.
[NX v22.0.2 Daemon Server] - 2025-11-09T16:57:00.756Z - Established a connection. Number of open connections: 4
[NX v22.0.2 Daemon Server] - 2025-11-09T16:57:04.863Z - [WATCHER]: 0 file(s) created or restored, 0 file(s) modified, 5 file(s) deleted
[NX v22.0.2 Daemon Server] - 2025-11-09T16:57:04.864Z - [REQUEST]: Responding to the client. File watch changed
[NX v22.0.2 Daemon Server] - 2025-11-09T16:57:04.864Z - Done responding to the client File watch changed
[NX v22.0.2 Daemon Server] - 2025-11-09T16:57:04.865Z - Handled json message FILE-WATCH-CHANGED. Handling time: 0. Response time: 0.
[NX v22.0.2 Daemon Server] - 2025-11-09T16:57:04.865Z - [WATCHER]: Processing file changes in outputs
[NX v22.0.2 Daemon Server] - 2025-11-09T16:57:04.866Z - Time taken for 'changed-projects' 0.27749699994456023ms
[NX v22.0.2 Daemon Server] - 2025-11-09T16:57:04.965Z - [REQUEST]: Updated workspace context based on watched changes, recomputing project graph...
[NX v22.0.2 Daemon Server] - 2025-11-09T16:57:04.966Z - [REQUEST]: 
[NX v22.0.2 Daemon Server] - 2025-11-09T16:57:04.967Z - [REQUEST]: sematicca-system-com/src/app/api/admins/[admin_id]/route.ts,sematicca-system-com/src/app/api/articles/[article_id]/route.ts,sematicca-system-com/src/app/api/admins/route.ts,sematicca-system-com/src/app/api/articles/[article_id]/cover-image/route.ts,sematicca-system-com/src/app/api/articles/route.ts
Time for '@nx/js/typescript:createNodes' 8.113972999970429
Time for '@nx/js/typescript:createNodes' 5.586370000033639
Time for 'nx/core/project-json:createNodes' 0.09949299995787442
[NX v22.0.2 Daemon Server] - 2025-11-09T16:57:05.007Z - [REQUEST]: Responding to the client. handleHashGlob
[NX v22.0.2 Daemon Server] - 2025-11-09T16:57:05.007Z - Done responding to the client handleHashGlob
[NX v22.0.2 Daemon Server] - 2025-11-09T16:57:05.007Z - Handled json message HASH_GLOB. Handling time: 6. Response time: 0.
Time for 'total for sendMessageToDaemon()' 13.65715799992904
[NX v22.0.2 Daemon Server] - 2025-11-09T16:57:05.008Z - Time taken for 'hash changed files from watcher' 0.6374940000241622ms
Time for 'deserialize daemon response' 0.026965999975800514
Time for 'nx/core/package-json:createNodes' 9.306880999938585
[NX v22.0.2 Daemon Server] - 2025-11-09T16:57:05.011Z - [REQUEST]: Responding to the client. handleHashGlob
[NX v22.0.2 Daemon Server] - 2025-11-09T16:57:05.014Z - Done responding to the client handleHashGlob
[NX v22.0.2 Daemon Server] - 2025-11-09T16:57:05.014Z - Handled json message HASH_GLOB. Handling time: 2. Response time: 3.
Time for '@nx/next/plugin:createNodes' 23.592494999989867
Time for 'total for sendMessageToDaemon()' 6.458413999993354
Time for 'deserialize daemon response' 0.05910399998538196
Time for 'nx/js/dependencies-and-lockfile:createNodes' 26.25682299991604
[NX v22.0.2 Daemon Server] - 2025-11-09T16:57:05.122Z - Time taken for 'build-project-configs' 81.48622900003102ms
[NX v22.0.2 Daemon Server] - 2025-11-09T16:57:05.142Z - Time taken for '@nx/js/typescript:createDependencies' 36.909266000031494ms
[NX v22.0.2 Daemon Server] - 2025-11-09T16:57:05.145Z - Time taken for '@nx/js/typescript:createDependencies' 39.64484500000253ms
Time for 'build typescript dependencies' 0.08399900002405047
[NX v22.0.2 Daemon Server] - 2025-11-09T16:57:05.214Z - [SYNC]: collect registered sync generators
[NX v22.0.2 Daemon Server] - 2025-11-09T16:57:05.215Z - [SYNC]: project graph hash is the same, not collecting task sync generators
[NX v22.0.2 Daemon Server] - 2025-11-09T16:57:05.216Z - [SYNC]: nx.json hash is the same, not collecting global sync generators
[NX v22.0.2 Daemon Server] - 2025-11-09T16:57:05.216Z - [SYNC]: scheduling: ["@nx/js:typescript-sync"]
[NX v22.0.2 Daemon Server] - 2025-11-09T16:57:05.216Z - Time taken for 'total execution time for createProjectGraph()' 130.06006500008516ms
[NX v22.0.2 Daemon Server] - 2025-11-09T16:57:11.616Z - [SYNC]: running scheduled generator @nx/js:typescript-sync
[NX v22.0.2 Daemon Server] - 2025-11-09T16:57:11.622Z - [REQUEST]: Client Request for Project Graph Received
[NX v22.0.2 Daemon Server] - 2025-11-09T16:57:11.624Z - Reusing in-memory cached project graph because no files changed.
[NX v22.0.2 Daemon Server] - 2025-11-09T16:57:11.655Z - Wrote project graph cache to /home/saint/Documents/Sematica/.nx/workspace-data/project-graph.json
[NX v22.0.2 Daemon Server] - 2025-11-09T16:57:11.656Z - [REQUEST]: Responding to the client. project-graph
[NX v22.0.2 Daemon Server] - 2025-11-09T16:57:11.664Z - Time taken for 'total for creating and serializing project graph' 34.018513999995776ms
[NX v22.0.2 Daemon Server] - 2025-11-09T16:57:11.690Z - Done responding to the client project-graph
[NX v22.0.2 Daemon Server] - 2025-11-09T16:57:11.690Z - Handled json message REQUEST_PROJECT_GRAPH. Handling time: 34. Response time: 34.
[NX v22.0.2 Daemon Server] - 2025-11-09T16:57:11.749Z - [SYNC]: @nx/js:typescript-sync changes: 
[NX v22.0.2 Daemon Server] - 2025-11-09T16:57:11.750Z - Time taken for 'run-sync-generator:@nx/js:typescript-sync' 131.75686199998017ms
[NX v22.0.2 Daemon Server] - 2025-11-09T16:57:15.875Z - Established a connection. Number of open connections: 5
[NX v22.0.2 Daemon Server] - 2025-11-09T16:57:15.876Z - [REQUEST]: Client Request for Project Graph Received
[NX v22.0.2 Daemon Server] - 2025-11-09T16:57:15.877Z - Reusing in-memory cached project graph because no files changed.
[NX v22.0.2 Daemon Server] - 2025-11-09T16:57:15.888Z - Wrote project graph cache to /home/saint/Documents/Sematica/.nx/workspace-data/project-graph.json
[NX v22.0.2 Daemon Server] - 2025-11-09T16:57:15.889Z - [REQUEST]: Responding to the client. project-graph
[NX v22.0.2 Daemon Server] - 2025-11-09T16:57:15.890Z - Time taken for 'total for creating and serializing project graph' 12.295819999999367ms
[NX v22.0.2 Daemon Server] - 2025-11-09T16:57:15.891Z - Closed a connection. Number of open connections: 4
[NX v22.0.2 Daemon Server] - 2025-11-09T16:57:15.896Z - Done responding to the client project-graph
[NX v22.0.2 Daemon Server] - 2025-11-09T16:57:15.896Z - Handled json message REQUEST_PROJECT_GRAPH. Handling time: 13. Response time: 7.
[NX v22.0.2 Daemon Server] - 2025-11-09T16:57:15.909Z - [REQUEST]: Responding to the client. handleContextFileData
[NX v22.0.2 Daemon Server] - 2025-11-09T16:57:15.909Z - Done responding to the client handleContextFileData
[NX v22.0.2 Daemon Server] - 2025-11-09T16:57:15.909Z - Handled json message GET_CONTEXT_FILE_DATA. Handling time: 1. Response time: 0.
[NX v22.0.2 Daemon Server] - 2025-11-09T16:57:15.909Z - Closed a connection. Number of open connections: 3
[NX v22.0.2 Daemon Server] - 2025-11-09T16:57:16.086Z - Closed a connection. Number of open connections: 2
[NX v22.0.2 Daemon Server] - 2025-11-09T16:57:16.092Z - Established a connection. Number of open connections: 3
[NX v22.0.2 Daemon Server] - 2025-11-09T16:57:16.093Z - Closed a connection. Number of open connections: 2
[NX v22.0.2 Daemon Server] - 2025-11-09T16:57:16.093Z - Established a connection. Number of open connections: 3
[NX v22.0.2 Daemon Server] - 2025-11-09T16:57:16.094Z - Closed a connection. Number of open connections: 2
[NX v22.0.2 Daemon Server] - 2025-11-09T16:57:16.094Z - Established a connection. Number of open connections: 3
[NX v22.0.2 Daemon Server] - 2025-11-09T16:57:16.096Z - [REQUEST]: Client Request for Project Graph Received
[NX v22.0.2 Daemon Server] - 2025-11-09T16:57:16.097Z - Reusing in-memory cached project graph because no files changed.
[NX v22.0.2 Daemon Server] - 2025-11-09T16:57:16.117Z - Wrote project graph cache to /home/saint/Documents/Sematica/.nx/workspace-data/project-graph.json
[NX v22.0.2 Daemon Server] - 2025-11-09T16:57:16.117Z - [REQUEST]: Responding to the client. project-graph
[NX v22.0.2 Daemon Server] - 2025-11-09T16:57:16.119Z - Time taken for 'total for creating and serializing project graph' 21.372550000087358ms
[NX v22.0.2 Daemon Server] - 2025-11-09T16:57:16.124Z - Done responding to the client project-graph
[NX v22.0.2 Daemon Server] - 2025-11-09T16:57:16.124Z - Handled json message REQUEST_PROJECT_GRAPH. Handling time: 21. Response time: 7.
[NX v22.0.2 Daemon Server] - 2025-11-09T16:57:16.145Z - [REQUEST]: Client Request for Project Graph Received
[NX v22.0.2 Daemon Server] - 2025-11-09T16:57:16.145Z - Reusing in-memory cached project graph because no files changed.
[NX v22.0.2 Daemon Server] - 2025-11-09T16:57:16.165Z - Wrote project graph cache to /home/saint/Documents/Sematica/.nx/workspace-data/project-graph.json
[NX v22.0.2 Daemon Server] - 2025-11-09T16:57:16.165Z - [REQUEST]: Responding to the client. project-graph
[NX v22.0.2 Daemon Server] - 2025-11-09T16:57:16.168Z - Time taken for 'total for creating and serializing project graph' 20.595354999997653ms
[NX v22.0.2 Daemon Server] - 2025-11-09T16:57:16.174Z - Done responding to the client project-graph
[NX v22.0.2 Daemon Server] - 2025-11-09T16:57:16.175Z - Handled json message REQUEST_PROJECT_GRAPH. Handling time: 20. Response time: 10.
[NX v22.0.2 Daemon Server] - 2025-11-09T16:57:16.195Z - Established a connection. Number of open connections: 4
[NX v22.0.2 Daemon Server] - 2025-11-09T17:02:21.583Z - [WATCHER]: sematicca-system-com/src/app/page.tsx was modified
[NX v22.0.2 Daemon Server] - 2025-11-09T17:02:21.583Z - [REQUEST]: Responding to the client. File watch changed
[NX v22.0.2 Daemon Server] - 2025-11-09T17:02:21.584Z - Done responding to the client File watch changed
[NX v22.0.2 Daemon Server] - 2025-11-09T17:02:21.584Z - Handled json message FILE-WATCH-CHANGED. Handling time: 0. Response time: 1.
[NX v22.0.2 Daemon Server] - 2025-11-09T17:02:21.584Z - [WATCHER]: Processing file changes in outputs
[NX v22.0.2 Daemon Server] - 2025-11-09T17:02:21.584Z - Time taken for 'changed-projects' 0.17121699987910688ms
[NX v22.0.2 Daemon Server] - 2025-11-09T17:02:21.684Z - [REQUEST]: Updated workspace context based on watched changes, recomputing project graph...
[NX v22.0.2 Daemon Server] - 2025-11-09T17:02:21.684Z - [REQUEST]: sematicca-system-com/src/app/page.tsx
[NX v22.0.2 Daemon Server] - 2025-11-09T17:02:21.684Z - [REQUEST]: 
Time for 'nx/core/project-json:createNodes' 0.11350300000049174
Time for '@nx/js/typescript:createNodes' 10.940392000135034
[NX v22.0.2 Daemon Server] - 2025-11-09T17:02:21.712Z - [REQUEST]: Responding to the client. handleHashGlob
[NX v22.0.2 Daemon Server] - 2025-11-09T17:02:21.712Z - Done responding to the client handleHashGlob
[NX v22.0.2 Daemon Server] - 2025-11-09T17:02:21.712Z - Handled json message HASH_GLOB. Handling time: 3. Response time: 0.
[NX v22.0.2 Daemon Server] - 2025-11-09T17:02:21.712Z - Time taken for 'hash changed files from watcher' 0.34919500001706183ms
Time for 'total for sendMessageToDaemon()' 8.638618000084534
Time for 'deserialize daemon response' 0.030245000030845404
Time for 'nx/core/package-json:createNodes' 10.256386999972165
Time for '@nx/js/typescript:createNodes' 18.67980600008741
[NX v22.0.2 Daemon Server] - 2025-11-09T17:02:21.723Z - [REQUEST]: Responding to the client. handleHashGlob
Time for '@nx/next/plugin:createNodes' 25.30322500015609
Time for 'total for sendMessageToDaemon()' 7.131916000042111
Time for 'deserialize daemon response' 0.028848000103607774
[NX v22.0.2 Daemon Server] - 2025-11-09T17:02:21.727Z - Done responding to the client handleHashGlob
[NX v22.0.2 Daemon Server] - 2025-11-09T17:02:21.727Z - Handled json message HASH_GLOB. Handling time: 5. Response time: 4.
Time for 'nx/js/dependencies-and-lockfile:createNodes' 24.882084999931976
[NX v22.0.2 Daemon Server] - 2025-11-09T17:02:21.796Z - Time taken for 'build-project-configs' 60.27518899994902ms
[NX v22.0.2 Daemon Server] - 2025-11-09T17:02:21.810Z - Time taken for '@nx/js/typescript:createDependencies' 29.229509999975562ms
[NX v22.0.2 Daemon Server] - 2025-11-09T17:02:21.823Z - Time taken for '@nx/js/typescript:createDependencies' 42.23709199996665ms
Time for 'build typescript dependencies' 20.75655799987726
[NX v22.0.2 Daemon Server] - 2025-11-09T17:02:21.893Z - [SYNC]: collect registered sync generators
[NX v22.0.2 Daemon Server] - 2025-11-09T17:02:21.894Z - [SYNC]: project graph hash is the same, not collecting task sync generators
[NX v22.0.2 Daemon Server] - 2025-11-09T17:02:21.894Z - [SYNC]: nx.json hash is the same, not collecting global sync generators
[NX v22.0.2 Daemon Server] - 2025-11-09T17:02:21.894Z - [SYNC]: scheduling: ["@nx/js:typescript-sync"]
[NX v22.0.2 Daemon Server] - 2025-11-09T17:02:21.895Z - Time taken for 'total execution time for createProjectGraph()' 127.1190610001795ms
[NX v22.0.2 Daemon Server] - 2025-11-09T17:02:28.296Z - [SYNC]: running scheduled generator @nx/js:typescript-sync
[NX v22.0.2 Daemon Server] - 2025-11-09T17:02:28.309Z - [REQUEST]: Client Request for Project Graph Received
[NX v22.0.2 Daemon Server] - 2025-11-09T17:02:28.310Z - Reusing in-memory cached project graph because no files changed.
[NX v22.0.2 Daemon Server] - 2025-11-09T17:02:28.365Z - Wrote project graph cache to /home/saint/Documents/Sematica/.nx/workspace-data/project-graph.json
[NX v22.0.2 Daemon Server] - 2025-11-09T17:02:28.366Z - [REQUEST]: Responding to the client. project-graph
[NX v22.0.2 Daemon Server] - 2025-11-09T17:02:28.380Z - Time taken for 'total for creating and serializing project graph' 56.71295900014229ms
[NX v22.0.2 Daemon Server] - 2025-11-09T17:02:28.403Z - Done responding to the client project-graph
[NX v22.0.2 Daemon Server] - 2025-11-09T17:02:28.404Z - Handled json message REQUEST_PROJECT_GRAPH. Handling time: 57. Response time: 38.
[NX v22.0.2 Daemon Server] - 2025-11-09T17:02:28.520Z - [SYNC]: @nx/js:typescript-sync changes: sematicca-system-com/tsconfig.json
[NX v22.0.2 Daemon Server] - 2025-11-09T17:02:28.520Z - Time taken for 'run-sync-generator:@nx/js:typescript-sync' 222.83634100016207ms
[NX v22.0.2 Daemon Server] - 2025-11-09T17:02:32.617Z - Established a connection. Number of open connections: 5
[NX v22.0.2 Daemon Server] - 2025-11-09T17:02:32.619Z - Closed a connection. Number of open connections: 4
[NX v22.0.2 Daemon Server] - 2025-11-09T17:02:32.622Z - [REQUEST]: Client Request for Project Graph Received
[NX v22.0.2 Daemon Server] - 2025-11-09T17:02:32.623Z - Reusing in-memory cached project graph because no files changed.
[NX v22.0.2 Daemon Server] - 2025-11-09T17:02:32.659Z - Wrote project graph cache to /home/saint/Documents/Sematica/.nx/workspace-data/project-graph.json
[NX v22.0.2 Daemon Server] - 2025-11-09T17:02:32.660Z - [REQUEST]: Responding to the client. project-graph
[NX v22.0.2 Daemon Server] - 2025-11-09T17:02:32.664Z - Time taken for 'total for creating and serializing project graph' 38.0263350000605ms
[NX v22.0.2 Daemon Server] - 2025-11-09T17:02:32.676Z - Done responding to the client project-graph
[NX v22.0.2 Daemon Server] - 2025-11-09T17:02:32.676Z - Handled json message REQUEST_PROJECT_GRAPH. Handling time: 38. Response time: 16.
[NX v22.0.2 Daemon Server] - 2025-11-09T17:02:32.706Z - [REQUEST]: Responding to the client. handleContextFileData
[NX v22.0.2 Daemon Server] - 2025-11-09T17:02:32.707Z - Done responding to the client handleContextFileData
[NX v22.0.2 Daemon Server] - 2025-11-09T17:02:32.707Z - Handled json message GET_CONTEXT_FILE_DATA. Handling time: 0. Response time: 1.
[NX v22.0.2 Daemon Server] - 2025-11-09T17:02:32.709Z - Closed a connection. Number of open connections: 3
[NX v22.0.2 Daemon Server] - 2025-11-09T17:02:32.920Z - Closed a connection. Number of open connections: 2
[NX v22.0.2 Daemon Server] - 2025-11-09T17:02:32.922Z - Established a connection. Number of open connections: 3
[NX v22.0.2 Daemon Server] - 2025-11-09T17:02:32.922Z - Closed a connection. Number of open connections: 2
[NX v22.0.2 Daemon Server] - 2025-11-09T17:02:32.922Z - Established a connection. Number of open connections: 3
[NX v22.0.2 Daemon Server] - 2025-11-09T17:02:32.922Z - Closed a connection. Number of open connections: 2
[NX v22.0.2 Daemon Server] - 2025-11-09T17:02:32.922Z - Established a connection. Number of open connections: 3
[NX v22.0.2 Daemon Server] - 2025-11-09T17:02:32.923Z - [REQUEST]: Client Request for Project Graph Received
[NX v22.0.2 Daemon Server] - 2025-11-09T17:02:32.924Z - Reusing in-memory cached project graph because no files changed.
[NX v22.0.2 Daemon Server] - 2025-11-09T17:02:32.932Z - Wrote project graph cache to /home/saint/Documents/Sematica/.nx/workspace-data/project-graph.json
[NX v22.0.2 Daemon Server] - 2025-11-09T17:02:32.932Z - [REQUEST]: Responding to the client. project-graph
[NX v22.0.2 Daemon Server] - 2025-11-09T17:02:32.933Z - Time taken for 'total for creating and serializing project graph' 8.42755000013858ms
[NX v22.0.2 Daemon Server] - 2025-11-09T17:02:32.936Z - Done responding to the client project-graph
[NX v22.0.2 Daemon Server] - 2025-11-09T17:02:32.937Z - Handled json message REQUEST_PROJECT_GRAPH. Handling time: 9. Response time: 5.
[NX v22.0.2 Daemon Server] - 2025-11-09T17:02:32.951Z - [REQUEST]: Client Request for Project Graph Received
[NX v22.0.2 Daemon Server] - 2025-11-09T17:02:32.952Z - Reusing in-memory cached project graph because no files changed.
[NX v22.0.2 Daemon Server] - 2025-11-09T17:02:32.964Z - Wrote project graph cache to /home/saint/Documents/Sematica/.nx/workspace-data/project-graph.json
[NX v22.0.2 Daemon Server] - 2025-11-09T17:02:32.964Z - [REQUEST]: Responding to the client. project-graph
[NX v22.0.2 Daemon Server] - 2025-11-09T17:02:32.967Z - Time taken for 'total for creating and serializing project graph' 12.788916000165045ms
[NX v22.0.2 Daemon Server] - 2025-11-09T17:02:32.970Z - Done responding to the client project-graph
[NX v22.0.2 Daemon Server] - 2025-11-09T17:02:32.971Z - Handled json message REQUEST_PROJECT_GRAPH. Handling time: 13. Response time: 7.
[NX v22.0.2 Daemon Server] - 2025-11-09T17:02:32.982Z - Established a connection. Number of open connections: 4
[NX v22.0.2 Daemon Server] - 2025-11-09T17:02:57.473Z - Established a connection. Number of open connections: 5
[NX v22.0.2 Daemon Server] - 2025-11-09T17:02:57.477Z - Closed a connection. Number of open connections: 4
[NX v22.0.2 Daemon Server] - 2025-11-09T17:02:57.478Z - Established a connection. Number of open connections: 5
[NX v22.0.2 Daemon Server] - 2025-11-09T17:02:57.482Z - [REQUEST]: Client Request for Project Graph Received
[NX v22.0.2 Daemon Server] - 2025-11-09T17:02:57.483Z - Reusing in-memory cached project graph because no files changed.
[NX v22.0.2 Daemon Server] - 2025-11-09T17:02:57.493Z - Wrote project graph cache to /home/saint/Documents/Sematica/.nx/workspace-data/project-graph.json
[NX v22.0.2 Daemon Server] - 2025-11-09T17:02:57.493Z - [REQUEST]: Responding to the client. project-graph
[NX v22.0.2 Daemon Server] - 2025-11-09T17:02:57.494Z - Time taken for 'total for creating and serializing project graph' 11.068005999783054ms
[NX v22.0.2 Daemon Server] - 2025-11-09T17:02:57.502Z - Done responding to the client project-graph
[NX v22.0.2 Daemon Server] - 2025-11-09T17:02:57.502Z - Handled json message REQUEST_PROJECT_GRAPH. Handling time: 11. Response time: 9.
[NX v22.0.2 Daemon Server] - 2025-11-09T17:02:57.525Z - [REQUEST]: Responding to the client. handleRunPreTasksExecution
[NX v22.0.2 Daemon Server] - 2025-11-09T17:02:57.525Z - Done responding to the client handleRunPreTasksExecution
[NX v22.0.2 Daemon Server] - 2025-11-09T17:02:57.525Z - Handled json message PRE_TASKS_EXECUTION. Handling time: 1. Response time: 0.
[NX v22.0.2 Daemon Server] - 2025-11-09T17:02:57.525Z - Time taken for 'preTasksExecution' 0.26485999999567866ms
[NX v22.0.2 Daemon Server] - 2025-11-09T17:02:57.529Z - Closed a connection. Number of open connections: 4
[NX v22.0.2 Daemon Server] - 2025-11-09T17:07:35.104Z - Established a connection. Number of open connections: 5
[NX v22.0.2 Daemon Server] - 2025-11-09T17:07:35.105Z - Closed a connection. Number of open connections: 4
[NX v22.0.2 Daemon Server] - 2025-11-09T17:07:35.105Z - Established a connection. Number of open connections: 5
[NX v22.0.2 Daemon Server] - 2025-11-09T17:07:35.108Z - [REQUEST]: Client Request for Project Graph Received
[NX v22.0.2 Daemon Server] - 2025-11-09T17:07:35.109Z - Reusing in-memory cached project graph because no files changed.
[NX v22.0.2 Daemon Server] - 2025-11-09T17:07:35.117Z - Wrote project graph cache to /home/saint/Documents/Sematica/.nx/workspace-data/project-graph.json
[NX v22.0.2 Daemon Server] - 2025-11-09T17:07:35.117Z - [REQUEST]: Responding to the client. project-graph
[NX v22.0.2 Daemon Server] - 2025-11-09T17:07:35.119Z - Time taken for 'total for creating and serializing project graph' 9.242593999952078ms
[NX v22.0.2 Daemon Server] - 2025-11-09T17:07:35.124Z - Done responding to the client project-graph
[NX v22.0.2 Daemon Server] - 2025-11-09T17:07:35.124Z - Handled json message REQUEST_PROJECT_GRAPH. Handling time: 9. Response time: 7.
[NX v22.0.2 Daemon Server] - 2025-11-09T17:07:35.159Z - Closed a connection. Number of open connections: 4
[NX v22.0.2 Daemon Server] - 2025-11-09T17:09:25.518Z - Established a connection. Number of open connections: 5
[NX v22.0.2 Daemon Server] - 2025-11-09T17:09:25.521Z - Closed a connection. Number of open connections: 4
[NX v22.0.2 Daemon Server] - 2025-11-09T17:09:25.522Z - Established a connection. Number of open connections: 5
[NX v22.0.2 Daemon Server] - 2025-11-09T17:09:25.526Z - [REQUEST]: Client Request for Project Graph Received
[NX v22.0.2 Daemon Server] - 2025-11-09T17:09:25.526Z - Reusing in-memory cached project graph because no files changed.
[NX v22.0.2 Daemon Server] - 2025-11-09T17:09:25.538Z - Wrote project graph cache to /home/saint/Documents/Sematica/.nx/workspace-data/project-graph.json
[NX v22.0.2 Daemon Server] - 2025-11-09T17:09:25.539Z - [REQUEST]: Responding to the client. project-graph
[NX v22.0.2 Daemon Server] - 2025-11-09T17:09:25.541Z - Time taken for 'total for creating and serializing project graph' 12.824410000117496ms
[NX v22.0.2 Daemon Server] - 2025-11-09T17:09:25.546Z - Done responding to the client project-graph
[NX v22.0.2 Daemon Server] - 2025-11-09T17:09:25.546Z - Handled json message REQUEST_PROJECT_GRAPH. Handling time: 13. Response time: 7.
[NX v22.0.2 Daemon Server] - 2025-11-09T17:09:25.560Z - [REQUEST]: Responding to the client. handleRunPreTasksExecution
[NX v22.0.2 Daemon Server] - 2025-11-09T17:09:25.561Z - Done responding to the client handleRunPreTasksExecution
[NX v22.0.2 Daemon Server] - 2025-11-09T17:09:25.561Z - Handled json message PRE_TASKS_EXECUTION. Handling time: 0. Response time: 1.
[NX v22.0.2 Daemon Server] - 2025-11-09T17:09:25.561Z - Time taken for 'preTasksExecution' 0.24946600012481213ms
[NX v22.0.2 Daemon Server] - 2025-11-09T17:09:25.565Z - Closed a connection. Number of open connections: 4
[NX v22.0.2 Daemon Server] - 2025-11-09T17:12:56.399Z - [WATCHER]: nx.json was modified
[NX v22.0.2 Daemon Server] - 2025-11-09T17:12:56.401Z - [REQUEST]: Responding to the client. File watch changed
[NX v22.0.2 Daemon Server] - 2025-11-09T17:12:56.401Z - Done responding to the client File watch changed
[NX v22.0.2 Daemon Server] - 2025-11-09T17:12:56.401Z - Handled json message FILE-WATCH-CHANGED. Handling time: 0. Response time: 0.
[NX v22.0.2 Daemon Server] - 2025-11-09T17:12:56.402Z - [WATCHER]: Processing file changes in outputs
[NX v22.0.2 Daemon Server] - 2025-11-09T17:12:56.402Z - Time taken for 'changed-projects' 0.457096999976784ms
[NX v22.0.2 Daemon Server] - 2025-11-09T17:12:56.502Z - [REQUEST]: Updated workspace context based on watched changes, recomputing project graph...
[NX v22.0.2 Daemon Server] - 2025-11-09T17:12:56.502Z - [REQUEST]: nx.json
[NX v22.0.2 Daemon Server] - 2025-11-09T17:12:56.503Z - [REQUEST]: 
Time for 'nx/core/project-json:createNodes' 0.4051320001017302
[NX v22.0.2 Daemon Server] - 2025-11-09T17:12:56.532Z - [REQUEST]: Responding to the client. handleHashGlob
[NX v22.0.2 Daemon Server] - 2025-11-09T17:12:56.532Z - Done responding to the client handleHashGlob
[NX v22.0.2 Daemon Server] - 2025-11-09T17:12:56.532Z - Handled json message HASH_GLOB. Handling time: 2. Response time: 1.
[NX v22.0.2 Daemon Server] - 2025-11-09T17:12:56.533Z - Time taken for 'hash changed files from watcher' 0.5694500000681728ms
Time for 'total for sendMessageToDaemon()' 9.421426999848336
Time for 'deserialize daemon response' 0.06289299996569753
[NX v22.0.2 Daemon Server] - 2025-11-09T17:12:56.542Z - [REQUEST]: Responding to the client. handleHashGlob
Time for 'nx/core/package-json:createNodes' 15.667749000014737
Time for '@nx/js/typescript:createNodes' 18.164728000061586
[NX v22.0.2 Daemon Server] - 2025-11-09T17:12:56.543Z - Done responding to the client handleHashGlob
[NX v22.0.2 Daemon Server] - 2025-11-09T17:12:56.543Z - Handled json message HASH_GLOB. Handling time: 6. Response time: 1.
Time for '@nx/js/typescript:createNodes' 25.464091999921948
Time for '@nx/next/plugin:createNodes' 28.939466000068933
Time for 'total for sendMessageToDaemon()' 10.49189000017941
Time for 'deserialize daemon response' 0.05993400001898408
Time for 'nx/js/dependencies-and-lockfile:createNodes' 28.956351999891922
[NX v22.0.2 Daemon Server] - 2025-11-09T17:12:56.672Z - Time taken for 'build-project-configs' 84.05376699985936ms
[NX v22.0.2 Daemon Server] - 2025-11-09T17:12:56.688Z - Time taken for '@nx/js/typescript:createDependencies' 39.5861080000177ms
Time for 'build typescript dependencies' 0.09681200003251433
[NX v22.0.2 Daemon Server] - 2025-11-09T17:12:56.729Z - [SYNC]: collect registered sync generators
[NX v22.0.2 Daemon Server] - 2025-11-09T17:12:56.730Z - [SYNC]: project graph hash is the same, not collecting task sync generators
[NX v22.0.2 Daemon Server] - 2025-11-09T17:12:56.730Z - [SYNC]: nx.json hash is the same, not collecting global sync generators
[NX v22.0.2 Daemon Server] - 2025-11-09T17:12:56.730Z - [SYNC]: scheduling: ["@nx/js:typescript-sync"]
[NX v22.0.2 Daemon Server] - 2025-11-09T17:12:56.730Z - Time taken for 'total execution time for createProjectGraph()' 123.50613000011072ms
[NX v22.0.2 Daemon Server] - 2025-11-09T17:12:57.412Z - Established a connection. Number of open connections: 5
[NX v22.0.2 Daemon Server] - 2025-11-09T17:12:57.415Z - [REQUEST]: Client Request for Project Graph Received
[NX v22.0.2 Daemon Server] - 2025-11-09T17:12:57.416Z - Reusing in-memory cached project graph because no files changed.
[NX v22.0.2 Daemon Server] - 2025-11-09T17:12:57.435Z - Wrote project graph cache to /home/saint/Documents/Sematica/.nx/workspace-data/project-graph.json
[NX v22.0.2 Daemon Server] - 2025-11-09T17:12:57.435Z - [REQUEST]: Responding to the client. project-graph
[NX v22.0.2 Daemon Server] - 2025-11-09T17:12:57.440Z - Time taken for 'total for creating and serializing project graph' 20.264844000106677ms
[NX v22.0.2 Daemon Server] - 2025-11-09T17:12:57.441Z - Closed a connection. Number of open connections: 4
[NX v22.0.2 Daemon Server] - 2025-11-09T17:12:57.453Z - Done responding to the client project-graph
[NX v22.0.2 Daemon Server] - 2025-11-09T17:12:57.453Z - Handled json message REQUEST_PROJECT_GRAPH. Handling time: 20. Response time: 18.
[NX v22.0.2 Daemon Server] - 2025-11-09T17:12:57.487Z - [REQUEST]: Responding to the client. handleContextFileData
[NX v22.0.2 Daemon Server] - 2025-11-09T17:12:57.487Z - Done responding to the client handleContextFileData
[NX v22.0.2 Daemon Server] - 2025-11-09T17:12:57.488Z - Handled json message GET_CONTEXT_FILE_DATA. Handling time: 1. Response time: 1.
[NX v22.0.2 Daemon Server] - 2025-11-09T17:12:57.489Z - Closed a connection. Number of open connections: 3
[NX v22.0.2 Daemon Server] - 2025-11-09T17:12:57.748Z - Closed a connection. Number of open connections: 2
[NX v22.0.2 Daemon Server] - 2025-11-09T17:12:57.753Z - Established a connection. Number of open connections: 3
[NX v22.0.2 Daemon Server] - 2025-11-09T17:12:57.753Z - Closed a connection. Number of open connections: 2
[NX v22.0.2 Daemon Server] - 2025-11-09T17:12:57.754Z - Established a connection. Number of open connections: 3
[NX v22.0.2 Daemon Server] - 2025-11-09T17:12:57.754Z - Closed a connection. Number of open connections: 2
[NX v22.0.2 Daemon Server] - 2025-11-09T17:12:57.755Z - Established a connection. Number of open connections: 3
[NX v22.0.2 Daemon Server] - 2025-11-09T17:12:57.756Z - [REQUEST]: Client Request for Project Graph Received
[NX v22.0.2 Daemon Server] - 2025-11-09T17:12:57.757Z - Reusing in-memory cached project graph because no files changed.
[NX v22.0.2 Daemon Server] - 2025-11-09T17:12:57.773Z - Wrote project graph cache to /home/saint/Documents/Sematica/.nx/workspace-data/project-graph.json
[NX v22.0.2 Daemon Server] - 2025-11-09T17:12:57.773Z - [REQUEST]: Responding to the client. project-graph
[NX v22.0.2 Daemon Server] - 2025-11-09T17:12:57.776Z - Time taken for 'total for creating and serializing project graph' 16.726127000059932ms
[NX v22.0.2 Daemon Server] - 2025-11-09T17:12:57.780Z - Done responding to the client project-graph
[NX v22.0.2 Daemon Server] - 2025-11-09T17:12:57.781Z - Handled json message REQUEST_PROJECT_GRAPH. Handling time: 17. Response time: 8.
[NX v22.0.2 Daemon Server] - 2025-11-09T17:12:57.797Z - [REQUEST]: Client Request for Project Graph Received
[NX v22.0.2 Daemon Server] - 2025-11-09T17:12:57.797Z - Reusing in-memory cached project graph because no files changed.
[NX v22.0.2 Daemon Server] - 2025-11-09T17:12:57.810Z - Wrote project graph cache to /home/saint/Documents/Sematica/.nx/workspace-data/project-graph.json
[NX v22.0.2 Daemon Server] - 2025-11-09T17:12:57.810Z - [REQUEST]: Responding to the client. project-graph
[NX v22.0.2 Daemon Server] - 2025-11-09T17:12:57.812Z - Time taken for 'total for creating and serializing project graph' 13.306931999977678ms
[NX v22.0.2 Daemon Server] - 2025-11-09T17:12:57.814Z - Done responding to the client project-graph
[NX v22.0.2 Daemon Server] - 2025-11-09T17:12:57.815Z - Handled json message REQUEST_PROJECT_GRAPH. Handling time: 13. Response time: 5.
[NX v22.0.2 Daemon Server] - 2025-11-09T17:12:57.825Z - Established a connection. Number of open connections: 4
[NX v22.0.2 Daemon Server] - 2025-11-09T17:13:03.130Z - [SYNC]: running scheduled generator @nx/js:typescript-sync
[NX v22.0.2 Daemon Server] - 2025-11-09T17:13:03.141Z - [REQUEST]: Client Request for Project Graph Received
[NX v22.0.2 Daemon Server] - 2025-11-09T17:13:03.142Z - Reusing in-memory cached project graph because no files changed.
[NX v22.0.2 Daemon Server] - 2025-11-09T17:13:03.153Z - Wrote project graph cache to /home/saint/Documents/Sematica/.nx/workspace-data/project-graph.json
[NX v22.0.2 Daemon Server] - 2025-11-09T17:13:03.153Z - [REQUEST]: Responding to the client. project-graph
[NX v22.0.2 Daemon Server] - 2025-11-09T17:13:03.155Z - Time taken for 'total for creating and serializing project graph' 11.901643000077456ms
[NX v22.0.2 Daemon Server] - 2025-11-09T17:13:03.162Z - Done responding to the client project-graph
[NX v22.0.2 Daemon Server] - 2025-11-09T17:13:03.162Z - Handled json message REQUEST_PROJECT_GRAPH. Handling time: 12. Response time: 9.
[NX v22.0.2 Daemon Server] - 2025-11-09T17:13:03.182Z - [SYNC]: @nx/js:typescript-sync changes: sematicca-system-com/tsconfig.json
[NX v22.0.2 Daemon Server] - 2025-11-09T17:13:03.182Z - Time taken for 'run-sync-generator:@nx/js:typescript-sync' 51.103558000177145ms
[NX v22.0.2 Daemon Server] - 2025-11-09T17:13:24.207Z - [WATCHER]: sematicca-system-com/project.json was created or restored
[NX v22.0.2 Daemon Server] - 2025-11-09T17:13:24.208Z - [WATCHER]: Processing file changes in outputs
[NX v22.0.2 Daemon Server] - 2025-11-09T17:13:24.309Z - [REQUEST]: Updated workspace context based on watched changes, recomputing project graph...
[NX v22.0.2 Daemon Server] - 2025-11-09T17:13:24.310Z - [REQUEST]: sematicca-system-com/project.json
[NX v22.0.2 Daemon Server] - 2025-11-09T17:13:24.310Z - [REQUEST]: 
Time for '@nx/js/typescript:createNodes' 12.270528999855742
[NX v22.0.2 Daemon Server] - 2025-11-09T17:13:24.348Z - [REQUEST]: Responding to the client. handleHashGlob
[NX v22.0.2 Daemon Server] - 2025-11-09T17:13:24.348Z - Done responding to the client handleHashGlob
[NX v22.0.2 Daemon Server] - 2025-11-09T17:13:24.348Z - Handled json message HASH_GLOB. Handling time: 9. Response time: 0.
[NX v22.0.2 Daemon Server] - 2025-11-09T17:13:24.349Z - Time taken for 'hash changed files from watcher' 0.7128399999346584ms
Time for 'total for sendMessageToDaemon()' 18.73562699998729
Time for 'deserialize daemon response' 0.06254899990744889
Time for '@nx/js/typescript:createNodes' 25.787285999860615
[NX v22.0.2 Daemon Server] - 2025-11-09T17:13:24.360Z - [REQUEST]: Responding to the client. handleHashGlob
[NX v22.0.2 Daemon Server] - 2025-11-09T17:13:24.361Z - Done responding to the client handleHashGlob
[NX v22.0.2 Daemon Server] - 2025-11-09T17:13:24.361Z - Handled json message HASH_GLOB. Handling time: 4. Response time: 1.
Time for 'nx/core/package-json:createNodes' 25.986819999990985
Time for 'nx/core/project-json:createNodes' 24.78272100002505
Time for '@nx/next/plugin:createNodes' 51.412567999912426
Time for 'total for sendMessageToDaemon()' 9.526531000155956
Time for 'deserialize daemon response' 0.06564599997363985
Time for 'nx/js/dependencies-and-lockfile:createNodes' 45.65351799991913
[NX v22.0.2 Daemon Server] - 2025-11-09T17:13:24.471Z - Time taken for 'build-project-configs' 95.48118399991654ms
[NX v22.0.2 Daemon Server] - 2025-11-09T17:13:24.495Z - Time taken for '@nx/js/typescript:createDependencies' 42.015500999987125ms
[NX v22.0.2 Daemon Server] - 2025-11-09T17:13:24.497Z - Time taken for '@nx/js/typescript:createDependencies' 44.10200600000098ms
Time for 'build typescript dependencies' 16.469725999981165
[NX v22.0.2 Daemon Server] - 2025-11-09T17:13:24.593Z - [REQUEST]: Responding to the client. File watch changed
[NX v22.0.2 Daemon Server] - 2025-11-09T17:13:24.593Z - Done responding to the client File watch changed
[NX v22.0.2 Daemon Server] - 2025-11-09T17:13:24.594Z - Handled json message FILE-WATCH-CHANGED. Handling time: 0. Response time: 1.
[NX v22.0.2 Daemon Server] - 2025-11-09T17:13:24.594Z - Time taken for 'total execution time for createProjectGraph()' 157.0182499999646ms
[NX v22.0.2 Daemon Server] - 2025-11-09T17:13:25.599Z - Established a connection. Number of open connections: 5
[NX v22.0.2 Daemon Server] - 2025-11-09T17:13:25.600Z - [REQUEST]: Client Request for Project Graph Received
[NX v22.0.2 Daemon Server] - 2025-11-09T17:13:25.600Z - Reusing in-memory cached project graph because no files changed.
[NX v22.0.2 Daemon Server] - 2025-11-09T17:13:25.601Z - [REQUEST]: Responding to the client with an error. Error when preparing serialized project graph. Failed to process project graph.
     - sematicca-system-com/project.json: Error: ValueExpected in /home/saint/Documents/Sematica/sematicca-system-com/project.json at 1:1
  > 1 | 
      | ^
  
      at parseJson (/home/saint/Documents/Sematica/node_modules/nx/src/utils/json.js:29:15)
      at readJsonFile (/home/saint/Documents/Sematica/node_modules/nx/src/utils/fileutils.js:32:37)
      at /home/saint/Documents/Sematica/node_modules/nx/src/plugins/project-json/build-nodes/project-json.js:14:59
      at /home/saint/Documents/Sematica/node_modules/nx/src/project-graph/plugins/utils.js:10:33
      at Array.map (<anonymous>)
      at createNodesFromFiles (/home/saint/Documents/Sematica/node_modules/nx/src/project-graph/plugins/utils.js:8:35)
      at exports.ProjectJsonProjectsPlugin.createNodesV2 (/home/saint/Documents/Sematica/node_modules/nx/src/plugins/project-json/build-nodes/project-json.js:13:55)
      at LoadedNxPlugin.createNodes (/home/saint/Documents/Sematica/node_modules/nx/src/project-graph/plugins/loaded-nx-plugin.js:20:62)
      at LoadedNxPlugin.createNodes.<computed> (/home/saint/Documents/Sematica/node_modules/nx/src/project-graph/plugins/loaded-nx-plugin.js:34:34)
      at createNodes (/home/saint/Documents/Sematica/node_modules/nx/src/project-graph/plugins/isolation/plugin-worker.js:76:63)
      Error: ValueExpected in /home/saint/Documents/Sematica/sematicca-system-com/project.json at 1:1
      > 1 | 
          | ^
      
          at parseJson (/home/saint/Documents/Sematica/node_modules/nx/src/utils/json.js:29:15)
          at readJsonFile (/home/saint/Documents/Sematica/node_modules/nx/src/utils/fileutils.js:32:37)
          at /home/saint/Documents/Sematica/node_modules/nx/src/plugins/project-json/build-nodes/project-json.js:14:59
          at /home/saint/Documents/Sematica/node_modules/nx/src/project-graph/plugins/utils.js:10:33
          at Array.map (<anonymous>)
          at createNodesFromFiles (/home/saint/Documents/Sematica/node_modules/nx/src/project-graph/plugins/utils.js:8:35)
          at exports.ProjectJsonProjectsPlugin.createNodesV2 (/home/saint/Documents/Sematica/node_modules/nx/src/plugins/project-json/build-nodes/project-json.js:13:55)
          at LoadedNxPlugin.createNodes (/home/saint/Documents/Sematica/node_modules/nx/src/project-graph/plugins/loaded-nx-plugin.js:20:62)
          at LoadedNxPlugin.createNodes.<computed> (/home/saint/Documents/Sematica/node_modules/nx/src/project-graph/plugins/loaded-nx-plugin.js:34:34)
          at createNodes (/home/saint/Documents/Sematica/node_modules/nx/src/project-graph/plugins/isolation/plugin-worker.js:76:63)
     - sematicca-system-com/next.config.js: Error: ValueExpected in sematicca-system-com/project.json at 1:1
  > 1 | 
      | ^
  
      at parseJson (/home/saint/Documents/Sematica/node_modules/nx/src/utils/json.js:29:15)
      at readJsonFile (/home/saint/Documents/Sematica/node_modules/nx/src/utils/fileutils.js:32:37)
      at getNamedInputs (/home/saint/Documents/Sematica/node_modules/@nx/devkit/src/utils/get-named-inputs.js:13:45)
      at buildNextTargets (/home/saint/Documents/Sematica/node_modules/@nx/next/src/plugins/plugin.js:72:63)
      at process.processTicksAndRejections (node:internal/process/task_queues:105:5)
      at async createNodesInternal (/home/saint/Documents/Sematica/node_modules/@nx/next/src/plugins/plugin.js:60:28)
      at async /home/saint/Documents/Sematica/node_modules/nx/src/project-graph/plugins/utils.js:10:27
      at async Promise.all (index 1)
      at async createNodesFromFiles (/home/saint/Documents/Sematica/node_modules/nx/src/project-graph/plugins/utils.js:8:5)
      at async exports.createNodes (/home/saint/Documents/Sematica/node_modules/@nx/next/src/plugins/plugin.js:42:20)
      Error: ValueExpected in sematicca-system-com/project.json at 1:1
      > 1 | 
          | ^
      
          at parseJson (/home/saint/Documents/Sematica/node_modules/nx/src/utils/json.js:29:15)
          at readJsonFile (/home/saint/Documents/Sematica/node_modules/nx/src/utils/fileutils.js:32:37)
          at getNamedInputs (/home/saint/Documents/Sematica/node_modules/@nx/devkit/src/utils/get-named-inputs.js:13:45)
          at buildNextTargets (/home/saint/Documents/Sematica/node_modules/@nx/next/src/plugins/plugin.js:72:63)
          at process.processTicksAndRejections (node:internal/process/task_queues:105:5)
          at async createNodesInternal (/home/saint/Documents/Sematica/node_modules/@nx/next/src/plugins/plugin.js:60:28)
          at async /home/saint/Documents/Sematica/node_modules/nx/src/project-graph/plugins/utils.js:10:27
          at async Promise.all (index 1)
          at async createNodesFromFiles (/home/saint/Documents/Sematica/node_modules/nx/src/project-graph/plugins/utils.js:8:5)
          at async exports.createNodes (/home/saint/Documents/Sematica/node_modules/@nx/next/src/plugins/plugin.js:42:20)
[NX v22.0.2 Daemon Server] - 2025-11-09T17:13:25.606Z - Closed a connection. Number of open connections: 4
[NX v22.0.2 Daemon Server] - 2025-11-09T17:13:25.609Z - Done responding to the client null
[NX v22.0.2 Daemon Server] - 2025-11-09T17:13:25.609Z - Handled json message REQUEST_PROJECT_GRAPH. Handling time: 0. Response time: 9.
[NX v22.0.2 Daemon Server] - 2025-11-09T17:13:25.618Z - [REQUEST]: Responding to the client. handleContextFileData
[NX v22.0.2 Daemon Server] - 2025-11-09T17:13:25.618Z - Done responding to the client handleContextFileData
[NX v22.0.2 Daemon Server] - 2025-11-09T17:13:25.619Z - Handled json message GET_CONTEXT_FILE_DATA. Handling time: 0. Response time: 1.
[NX v22.0.2 Daemon Server] - 2025-11-09T17:13:25.619Z - Closed a connection. Number of open connections: 3
[NX v22.0.2 Daemon Server] - 2025-11-09T17:13:25.718Z - Closed a connection. Number of open connections: 2
[NX v22.0.2 Daemon Server] - 2025-11-09T17:13:25.720Z - Established a connection. Number of open connections: 3
[NX v22.0.2 Daemon Server] - 2025-11-09T17:13:25.720Z - Closed a connection. Number of open connections: 2
[NX v22.0.2 Daemon Server] - 2025-11-09T17:13:25.720Z - Established a connection. Number of open connections: 3
[NX v22.0.2 Daemon Server] - 2025-11-09T17:13:25.720Z - Closed a connection. Number of open connections: 2
[NX v22.0.2 Daemon Server] - 2025-11-09T17:13:25.720Z - Established a connection. Number of open connections: 3
[NX v22.0.2 Daemon Server] - 2025-11-09T17:13:25.721Z - [REQUEST]: Client Request for Project Graph Received
[NX v22.0.2 Daemon Server] - 2025-11-09T17:13:25.721Z - Reusing in-memory cached project graph because no files changed.
[NX v22.0.2 Daemon Server] - 2025-11-09T17:13:25.721Z - [REQUEST]: Responding to the client with an error. Error when preparing serialized project graph. Failed to process project graph.
     - sematicca-system-com/project.json: Error: ValueExpected in /home/saint/Documents/Sematica/sematicca-system-com/project.json at 1:1
  > 1 | 
      | ^
  
      at parseJson (/home/saint/Documents/Sematica/node_modules/nx/src/utils/json.js:29:15)
      at readJsonFile (/home/saint/Documents/Sematica/node_modules/nx/src/utils/fileutils.js:32:37)
      at /home/saint/Documents/Sematica/node_modules/nx/src/plugins/project-json/build-nodes/project-json.js:14:59
      at /home/saint/Documents/Sematica/node_modules/nx/src/project-graph/plugins/utils.js:10:33
      at Array.map (<anonymous>)
      at createNodesFromFiles (/home/saint/Documents/Sematica/node_modules/nx/src/project-graph/plugins/utils.js:8:35)
      at exports.ProjectJsonProjectsPlugin.createNodesV2 (/home/saint/Documents/Sematica/node_modules/nx/src/plugins/project-json/build-nodes/project-json.js:13:55)
      at LoadedNxPlugin.createNodes (/home/saint/Documents/Sematica/node_modules/nx/src/project-graph/plugins/loaded-nx-plugin.js:20:62)
      at LoadedNxPlugin.createNodes.<computed> (/home/saint/Documents/Sematica/node_modules/nx/src/project-graph/plugins/loaded-nx-plugin.js:34:34)
      at createNodes (/home/saint/Documents/Sematica/node_modules/nx/src/project-graph/plugins/isolation/plugin-worker.js:76:63)
      Error: ValueExpected in /home/saint/Documents/Sematica/sematicca-system-com/project.json at 1:1
      > 1 | 
          | ^
      
          at parseJson (/home/saint/Documents/Sematica/node_modules/nx/src/utils/json.js:29:15)
          at readJsonFile (/home/saint/Documents/Sematica/node_modules/nx/src/utils/fileutils.js:32:37)
          at /home/saint/Documents/Sematica/node_modules/nx/src/plugins/project-json/build-nodes/project-json.js:14:59
          at /home/saint/Documents/Sematica/node_modules/nx/src/project-graph/plugins/utils.js:10:33
          at Array.map (<anonymous>)
          at createNodesFromFiles (/home/saint/Documents/Sematica/node_modules/nx/src/project-graph/plugins/utils.js:8:35)
          at exports.ProjectJsonProjectsPlugin.createNodesV2 (/home/saint/Documents/Sematica/node_modules/nx/src/plugins/project-json/build-nodes/project-json.js:13:55)
          at LoadedNxPlugin.createNodes (/home/saint/Documents/Sematica/node_modules/nx/src/project-graph/plugins/loaded-nx-plugin.js:20:62)
          at LoadedNxPlugin.createNodes.<computed> (/home/saint/Documents/Sematica/node_modules/nx/src/project-graph/plugins/loaded-nx-plugin.js:34:34)
          at createNodes (/home/saint/Documents/Sematica/node_modules/nx/src/project-graph/plugins/isolation/plugin-worker.js:76:63)
     - sematicca-system-com/next.config.js: Error: ValueExpected in sematicca-system-com/project.json at 1:1
  > 1 | 
      | ^
  
      at parseJson (/home/saint/Documents/Sematica/node_modules/nx/src/utils/json.js:29:15)
      at readJsonFile (/home/saint/Documents/Sematica/node_modules/nx/src/utils/fileutils.js:32:37)
      at getNamedInputs (/home/saint/Documents/Sematica/node_modules/@nx/devkit/src/utils/get-named-inputs.js:13:45)
      at buildNextTargets (/home/saint/Documents/Sematica/node_modules/@nx/next/src/plugins/plugin.js:72:63)
      at process.processTicksAndRejections (node:internal/process/task_queues:105:5)
      at async createNodesInternal (/home/saint/Documents/Sematica/node_modules/@nx/next/src/plugins/plugin.js:60:28)
      at async /home/saint/Documents/Sematica/node_modules/nx/src/project-graph/plugins/utils.js:10:27
      at async Promise.all (index 1)
      at async createNodesFromFiles (/home/saint/Documents/Sematica/node_modules/nx/src/project-graph/plugins/utils.js:8:5)
      at async exports.createNodes (/home/saint/Documents/Sematica/node_modules/@nx/next/src/plugins/plugin.js:42:20)
      Error: ValueExpected in sematicca-system-com/project.json at 1:1
      > 1 | 
          | ^
      
          at parseJson (/home/saint/Documents/Sematica/node_modules/nx/src/utils/json.js:29:15)
          at readJsonFile (/home/saint/Documents/Sematica/node_modules/nx/src/utils/fileutils.js:32:37)
          at getNamedInputs (/home/saint/Documents/Sematica/node_modules/@nx/devkit/src/utils/get-named-inputs.js:13:45)
          at buildNextTargets (/home/saint/Documents/Sematica/node_modules/@nx/next/src/plugins/plugin.js:72:63)
          at process.processTicksAndRejections (node:internal/process/task_queues:105:5)
          at async createNodesInternal (/home/saint/Documents/Sematica/node_modules/@nx/next/src/plugins/plugin.js:60:28)
          at async /home/saint/Documents/Sematica/node_modules/nx/src/project-graph/plugins/utils.js:10:27
          at async Promise.all (index 1)
          at async createNodesFromFiles (/home/saint/Documents/Sematica/node_modules/nx/src/project-graph/plugins/utils.js:8:5)
          at async exports.createNodes (/home/saint/Documents/Sematica/node_modules/@nx/next/src/plugins/plugin.js:42:20)
[NX v22.0.2 Daemon Server] - 2025-11-09T17:13:25.730Z - Done responding to the client null
[NX v22.0.2 Daemon Server] - 2025-11-09T17:13:25.731Z - Handled json message REQUEST_PROJECT_GRAPH. Handling time: 0. Response time: 10.
[NX v22.0.2 Daemon Server] - 2025-11-09T17:13:25.739Z - [REQUEST]: Client Request for Project Graph Received
[NX v22.0.2 Daemon Server] - 2025-11-09T17:13:25.739Z - Reusing in-memory cached project graph because no files changed.
[NX v22.0.2 Daemon Server] - 2025-11-09T17:13:25.739Z - [REQUEST]: Responding to the client with an error. Error when preparing serialized project graph. Failed to process project graph.
     - sematicca-system-com/project.json: Error: ValueExpected in /home/saint/Documents/Sematica/sematicca-system-com/project.json at 1:1
  > 1 | 
      | ^
  
      at parseJson (/home/saint/Documents/Sematica/node_modules/nx/src/utils/json.js:29:15)
      at readJsonFile (/home/saint/Documents/Sematica/node_modules/nx/src/utils/fileutils.js:32:37)
      at /home/saint/Documents/Sematica/node_modules/nx/src/plugins/project-json/build-nodes/project-json.js:14:59
      at /home/saint/Documents/Sematica/node_modules/nx/src/project-graph/plugins/utils.js:10:33
      at Array.map (<anonymous>)
      at createNodesFromFiles (/home/saint/Documents/Sematica/node_modules/nx/src/project-graph/plugins/utils.js:8:35)
      at exports.ProjectJsonProjectsPlugin.createNodesV2 (/home/saint/Documents/Sematica/node_modules/nx/src/plugins/project-json/build-nodes/project-json.js:13:55)
      at LoadedNxPlugin.createNodes (/home/saint/Documents/Sematica/node_modules/nx/src/project-graph/plugins/loaded-nx-plugin.js:20:62)
      at LoadedNxPlugin.createNodes.<computed> (/home/saint/Documents/Sematica/node_modules/nx/src/project-graph/plugins/loaded-nx-plugin.js:34:34)
      at createNodes (/home/saint/Documents/Sematica/node_modules/nx/src/project-graph/plugins/isolation/plugin-worker.js:76:63)
      Error: ValueExpected in /home/saint/Documents/Sematica/sematicca-system-com/project.json at 1:1
      > 1 | 
          | ^
      
          at parseJson (/home/saint/Documents/Sematica/node_modules/nx/src/utils/json.js:29:15)
          at readJsonFile (/home/saint/Documents/Sematica/node_modules/nx/src/utils/fileutils.js:32:37)
          at /home/saint/Documents/Sematica/node_modules/nx/src/plugins/project-json/build-nodes/project-json.js:14:59
          at /home/saint/Documents/Sematica/node_modules/nx/src/project-graph/plugins/utils.js:10:33
          at Array.map (<anonymous>)
          at createNodesFromFiles (/home/saint/Documents/Sematica/node_modules/nx/src/project-graph/plugins/utils.js:8:35)
          at exports.ProjectJsonProjectsPlugin.createNodesV2 (/home/saint/Documents/Sematica/node_modules/nx/src/plugins/project-json/build-nodes/project-json.js:13:55)
          at LoadedNxPlugin.createNodes (/home/saint/Documents/Sematica/node_modules/nx/src/project-graph/plugins/loaded-nx-plugin.js:20:62)
          at LoadedNxPlugin.createNodes.<computed> (/home/saint/Documents/Sematica/node_modules/nx/src/project-graph/plugins/loaded-nx-plugin.js:34:34)
          at createNodes (/home/saint/Documents/Sematica/node_modules/nx/src/project-graph/plugins/isolation/plugin-worker.js:76:63)
     - sematicca-system-com/next.config.js: Error: ValueExpected in sematicca-system-com/project.json at 1:1
  > 1 | 
      | ^
  
      at parseJson (/home/saint/Documents/Sematica/node_modules/nx/src/utils/json.js:29:15)
      at readJsonFile (/home/saint/Documents/Sematica/node_modules/nx/src/utils/fileutils.js:32:37)
      at getNamedInputs (/home/saint/Documents/Sematica/node_modules/@nx/devkit/src/utils/get-named-inputs.js:13:45)
      at buildNextTargets (/home/saint/Documents/Sematica/node_modules/@nx/next/src/plugins/plugin.js:72:63)
      at process.processTicksAndRejections (node:internal/process/task_queues:105:5)
      at async createNodesInternal (/home/saint/Documents/Sematica/node_modules/@nx/next/src/plugins/plugin.js:60:28)
      at async /home/saint/Documents/Sematica/node_modules/nx/src/project-graph/plugins/utils.js:10:27
      at async Promise.all (index 1)
      at async createNodesFromFiles (/home/saint/Documents/Sematica/node_modules/nx/src/project-graph/plugins/utils.js:8:5)
      at async exports.createNodes (/home/saint/Documents/Sematica/node_modules/@nx/next/src/plugins/plugin.js:42:20)
      Error: ValueExpected in sematicca-system-com/project.json at 1:1
      > 1 | 
          | ^
      
          at parseJson (/home/saint/Documents/Sematica/node_modules/nx/src/utils/json.js:29:15)
          at readJsonFile (/home/saint/Documents/Sematica/node_modules/nx/src/utils/fileutils.js:32:37)
          at getNamedInputs (/home/saint/Documents/Sematica/node_modules/@nx/devkit/src/utils/get-named-inputs.js:13:45)
          at buildNextTargets (/home/saint/Documents/Sematica/node_modules/@nx/next/src/plugins/plugin.js:72:63)
          at process.processTicksAndRejections (node:internal/process/task_queues:105:5)
          at async createNodesInternal (/home/saint/Documents/Sematica/node_modules/@nx/next/src/plugins/plugin.js:60:28)
          at async /home/saint/Documents/Sematica/node_modules/nx/src/project-graph/plugins/utils.js:10:27
          at async Promise.all (index 1)
          at async createNodesFromFiles (/home/saint/Documents/Sematica/node_modules/nx/src/project-graph/plugins/utils.js:8:5)
          at async exports.createNodes (/home/saint/Documents/Sematica/node_modules/@nx/next/src/plugins/plugin.js:42:20)
[NX v22.0.2 Daemon Server] - 2025-11-09T17:13:25.749Z - Done responding to the client null
[NX v22.0.2 Daemon Server] - 2025-11-09T17:13:25.749Z - Handled json message REQUEST_PROJECT_GRAPH. Handling time: 0. Response time: 10.
[NX v22.0.2 Daemon Server] - 2025-11-09T17:13:25.758Z - Established a connection. Number of open connections: 4
[NX v22.0.2 Daemon Server] - 2025-11-09T17:13:40.335Z - [WATCHER]: sematicca-system-com/project.json was modified
[NX v22.0.2 Daemon Server] - 2025-11-09T17:13:40.336Z - [REQUEST]: Responding to the client. File watch changed
[NX v22.0.2 Daemon Server] - 2025-11-09T17:13:40.336Z - Done responding to the client File watch changed
[NX v22.0.2 Daemon Server] - 2025-11-09T17:13:40.337Z - Handled json message FILE-WATCH-CHANGED. Handling time: 0. Response time: 1.
[NX v22.0.2 Daemon Server] - 2025-11-09T17:13:40.337Z - [WATCHER]: Processing file changes in outputs
[NX v22.0.2 Daemon Server] - 2025-11-09T17:13:40.338Z - Time taken for 'changed-projects' 0.2228820000309497ms
[NX v22.0.2 Daemon Server] - 2025-11-09T17:13:40.436Z - [REQUEST]: Updated workspace context based on watched changes, recomputing project graph...
[NX v22.0.2 Daemon Server] - 2025-11-09T17:13:40.436Z - [REQUEST]: sematicca-system-com/project.json
[NX v22.0.2 Daemon Server] - 2025-11-09T17:13:40.437Z - [REQUEST]: 
Time for '@nx/js/typescript:createNodes' 8.343256000196561
Time for 'nx/core/project-json:createNodes' 1.7316270000301301
[NX v22.0.2 Daemon Server] - 2025-11-09T17:13:40.465Z - [REQUEST]: Responding to the client. handleHashGlob
[NX v22.0.2 Daemon Server] - 2025-11-09T17:13:40.466Z - Done responding to the client handleHashGlob
[NX v22.0.2 Daemon Server] - 2025-11-09T17:13:40.466Z - Handled json message HASH_GLOB. Handling time: 2. Response time: 1.
Time for '@nx/js/typescript:createNodes' 17.20061599998735
[NX v22.0.2 Daemon Server] - 2025-11-09T17:13:40.468Z - Time taken for 'hash changed files from watcher' 0.526744999922812ms
Time for 'total for sendMessageToDaemon()' 14.868422999978065
Time for 'deserialize daemon response' 0.05963000003248453
Time for 'nx/core/package-json:createNodes' 12.160611999919638
[NX v22.0.2 Daemon Server] - 2025-11-09T17:13:40.474Z - [REQUEST]: Responding to the client. handleHashGlob
[NX v22.0.2 Daemon Server] - 2025-11-09T17:13:40.475Z - Done responding to the client handleHashGlob
[NX v22.0.2 Daemon Server] - 2025-11-09T17:13:40.475Z - Handled json message HASH_GLOB. Handling time: 3. Response time: 1.
Time for '@nx/next/plugin:createNodes' 33.75020500016399
Time for 'total for sendMessageToDaemon()' 5.47994099999778
Time for 'deserialize daemon response' 0.05422799987718463
Time for 'nx/js/dependencies-and-lockfile:createNodes' 26.8701009999495
[NX v22.0.2 Daemon Server] - 2025-11-09T17:13:40.567Z - Time taken for 'build-project-configs' 69.78519800002687ms
[NX v22.0.2 Daemon Server] - 2025-11-09T17:13:40.590Z - Time taken for '@nx/js/typescript:createDependencies' 42.40726700006053ms
Time for 'build typescript dependencies' 16.846527999965474
[NX v22.0.2 Daemon Server] - 2025-11-09T17:13:40.697Z - [SYNC]: collect registered sync generators
[NX v22.0.2 Daemon Server] - 2025-11-09T17:13:40.699Z - [SYNC]: nx.json hash is the same, not collecting global sync generators
[NX v22.0.2 Daemon Server] - 2025-11-09T17:13:40.700Z - [SYNC]: scheduling: ["@nx/js:typescript-sync"]
[NX v22.0.2 Daemon Server] - 2025-11-09T17:13:40.700Z - Time taken for 'total execution time for createProjectGraph()' 158.1856549999211ms
[NX v22.0.2 Daemon Server] - 2025-11-09T17:13:41.341Z - Established a connection. Number of open connections: 5
[NX v22.0.2 Daemon Server] - 2025-11-09T17:13:41.342Z - [REQUEST]: Client Request for Project Graph Received
[NX v22.0.2 Daemon Server] - 2025-11-09T17:13:41.342Z - Reusing in-memory cached project graph because no files changed.
[NX v22.0.2 Daemon Server] - 2025-11-09T17:13:41.350Z - Wrote project graph cache to /home/saint/Documents/Sematica/.nx/workspace-data/project-graph.json
[NX v22.0.2 Daemon Server] - 2025-11-09T17:13:41.350Z - [REQUEST]: Responding to the client. project-graph
[NX v22.0.2 Daemon Server] - 2025-11-09T17:13:41.352Z - Time taken for 'total for creating and serializing project graph' 8.470146999927238ms
[NX v22.0.2 Daemon Server] - 2025-11-09T17:13:41.353Z - Closed a connection. Number of open connections: 4
[NX v22.0.2 Daemon Server] - 2025-11-09T17:13:41.356Z - Done responding to the client project-graph
[NX v22.0.2 Daemon Server] - 2025-11-09T17:13:41.356Z - Handled json message REQUEST_PROJECT_GRAPH. Handling time: 8. Response time: 6.
[NX v22.0.2 Daemon Server] - 2025-11-09T17:13:41.369Z - [REQUEST]: Responding to the client. handleContextFileData
[NX v22.0.2 Daemon Server] - 2025-11-09T17:13:41.369Z - Done responding to the client handleContextFileData
[NX v22.0.2 Daemon Server] - 2025-11-09T17:13:41.369Z - Handled json message GET_CONTEXT_FILE_DATA. Handling time: 0. Response time: 1.
[NX v22.0.2 Daemon Server] - 2025-11-09T17:13:41.369Z - Closed a connection. Number of open connections: 3
[NX v22.0.2 Daemon Server] - 2025-11-09T17:13:41.509Z - Closed a connection. Number of open connections: 2
[NX v22.0.2 Daemon Server] - 2025-11-09T17:13:41.511Z - Established a connection. Number of open connections: 3
[NX v22.0.2 Daemon Server] - 2025-11-09T17:13:41.512Z - Closed a connection. Number of open connections: 2
[NX v22.0.2 Daemon Server] - 2025-11-09T17:13:41.512Z - Established a connection. Number of open connections: 3
[NX v22.0.2 Daemon Server] - 2025-11-09T17:13:41.512Z - Closed a connection. Number of open connections: 2
[NX v22.0.2 Daemon Server] - 2025-11-09T17:13:41.512Z - Established a connection. Number of open connections: 3
[NX v22.0.2 Daemon Server] - 2025-11-09T17:13:41.513Z - [REQUEST]: Client Request for Project Graph Received
[NX v22.0.2 Daemon Server] - 2025-11-09T17:13:41.513Z - Reusing in-memory cached project graph because no files changed.
[NX v22.0.2 Daemon Server] - 2025-11-09T17:13:41.521Z - Wrote project graph cache to /home/saint/Documents/Sematica/.nx/workspace-data/project-graph.json
[NX v22.0.2 Daemon Server] - 2025-11-09T17:13:41.522Z - [REQUEST]: Responding to the client. project-graph
[NX v22.0.2 Daemon Server] - 2025-11-09T17:13:41.523Z - Time taken for 'total for creating and serializing project graph' 8.478327000048012ms
[NX v22.0.2 Daemon Server] - 2025-11-09T17:13:41.525Z - Done responding to the client project-graph
[NX v22.0.2 Daemon Server] - 2025-11-09T17:13:41.525Z - Handled json message REQUEST_PROJECT_GRAPH. Handling time: 9. Response time: 3.
[NX v22.0.2 Daemon Server] - 2025-11-09T17:13:41.534Z - [REQUEST]: Client Request for Project Graph Received
[NX v22.0.2 Daemon Server] - 2025-11-09T17:13:41.534Z - Reusing in-memory cached project graph because no files changed.
[NX v22.0.2 Daemon Server] - 2025-11-09T17:13:41.542Z - Wrote project graph cache to /home/saint/Documents/Sematica/.nx/workspace-data/project-graph.json
[NX v22.0.2 Daemon Server] - 2025-11-09T17:13:41.542Z - [REQUEST]: Responding to the client. project-graph
[NX v22.0.2 Daemon Server] - 2025-11-09T17:13:41.543Z - Time taken for 'total for creating and serializing project graph' 8.3618209999986ms
[NX v22.0.2 Daemon Server] - 2025-11-09T17:13:41.546Z - Done responding to the client project-graph
[NX v22.0.2 Daemon Server] - 2025-11-09T17:13:41.546Z - Handled json message REQUEST_PROJECT_GRAPH. Handling time: 8. Response time: 4.
[NX v22.0.2 Daemon Server] - 2025-11-09T17:13:41.554Z - Established a connection. Number of open connections: 4
[NX v22.0.2 Daemon Server] - 2025-11-09T17:13:45.943Z - Established a connection. Number of open connections: 5
[NX v22.0.2 Daemon Server] - 2025-11-09T17:13:45.945Z - Closed a connection. Number of open connections: 4
[NX v22.0.2 Daemon Server] - 2025-11-09T17:13:45.946Z - Established a connection. Number of open connections: 5
[NX v22.0.2 Daemon Server] - 2025-11-09T17:13:45.950Z - [REQUEST]: Client Request for Project Graph Received
[NX v22.0.2 Daemon Server] - 2025-11-09T17:13:45.950Z - Reusing in-memory cached project graph because no files changed.
[NX v22.0.2 Daemon Server] - 2025-11-09T17:13:45.960Z - Wrote project graph cache to /home/saint/Documents/Sematica/.nx/workspace-data/project-graph.json
[NX v22.0.2 Daemon Server] - 2025-11-09T17:13:45.960Z - [REQUEST]: Responding to the client. project-graph
[NX v22.0.2 Daemon Server] - 2025-11-09T17:13:45.961Z - Time taken for 'total for creating and serializing project graph' 10.37686700001359ms
[NX v22.0.2 Daemon Server] - 2025-11-09T17:13:45.965Z - Done responding to the client project-graph
[NX v22.0.2 Daemon Server] - 2025-11-09T17:13:45.965Z - Handled json message REQUEST_PROJECT_GRAPH. Handling time: 11. Response time: 5.
[NX v22.0.2 Daemon Server] - 2025-11-09T17:13:45.978Z - [REQUEST]: Responding to the client. handleRunPreTasksExecution
[NX v22.0.2 Daemon Server] - 2025-11-09T17:13:45.978Z - Done responding to the client handleRunPreTasksExecution
[NX v22.0.2 Daemon Server] - 2025-11-09T17:13:45.978Z - Handled json message PRE_TASKS_EXECUTION. Handling time: 1. Response time: 0.
[NX v22.0.2 Daemon Server] - 2025-11-09T17:13:45.978Z - Time taken for 'preTasksExecution' 0.1767009999603033ms
[NX v22.0.2 Daemon Server] - 2025-11-09T17:13:46.032Z - Reusing in-memory cached project graph because no files changed.
[NX v22.0.2 Daemon Server] - 2025-11-09T17:13:46.048Z - Wrote project graph cache to /home/saint/Documents/Sematica/.nx/workspace-data/project-graph.json
DEBUG nx::native::tasks::hash_planner: get_plans_internal COMPLETED in 10.44443ms - processed 1 tasks (setup: 8.282042ms, parallel_planning: 2.152741ms)
DEBUG nx::native::tasks::hashers::hash_workspace_files: Hashing workspace fileset{cache_key="nx.json,.gitignore,.nxignore"}: Adding "12469589252068091122" (".gitignore") to hash
DEBUG nx::native::tasks::hashers::hash_workspace_files: Hashing workspace fileset{cache_key="nx.json,.gitignore,.nxignore"}: Adding "2909418347955784845" ("nx.json") to hash
DEBUG nx::native::tasks::hashers::hash_workspace_files: Hashing workspace fileset{cache_key="nx.json,.gitignore,.nxignore"}: Hash Value: "17423914952097327508"
DEBUG nx::native::tasks::task_hasher: hash_plans COMPLETED in 8.739325ms - processed 1 plans (setup: 914.521µs, hashing: 7.819014ms, assembly: 3.347898ms)
[NX v22.0.2 Daemon Server] - 2025-11-09T17:13:46.100Z - [REQUEST]: Responding to the client. handleHashTasks
[NX v22.0.2 Daemon Server] - 2025-11-09T17:13:46.101Z - Done responding to the client handleHashTasks
[NX v22.0.2 Daemon Server] - 2025-11-09T17:13:46.101Z - Handled json message HASH_TASKS. Handling time: 67. Response time: 2.
[NX v22.0.2 Daemon Server] - 2025-11-09T17:13:46.101Z - Time taken for 'write cache' 15.305730999913067ms
[NX v22.0.2 Daemon Server] - 2025-11-09T17:13:46.124Z - [REQUEST]: Responding to the client. handleGetEstimatedTaskTimings
[NX v22.0.2 Daemon Server] - 2025-11-09T17:13:46.124Z - Done responding to the client handleGetEstimatedTaskTimings
[NX v22.0.2 Daemon Server] - 2025-11-09T17:13:46.124Z - Handled json message GET_ESTIMATED_TASK_TIMINGS. Handling time: 2. Response time: 0.
[NX v22.0.2 Daemon Server] - 2025-11-09T17:13:47.100Z - [SYNC]: running scheduled generator @nx/js:typescript-sync
[NX v22.0.2 Daemon Server] - 2025-11-09T17:13:47.102Z - [REQUEST]: Client Request for Project Graph Received
[NX v22.0.2 Daemon Server] - 2025-11-09T17:13:47.102Z - Reusing in-memory cached project graph because no files changed.
[NX v22.0.2 Daemon Server] - 2025-11-09T17:13:47.111Z - Wrote project graph cache to /home/saint/Documents/Sematica/.nx/workspace-data/project-graph.json
[NX v22.0.2 Daemon Server] - 2025-11-09T17:13:47.111Z - [REQUEST]: Responding to the client. project-graph
[NX v22.0.2 Daemon Server] - 2025-11-09T17:13:47.113Z - Time taken for 'total for creating and serializing project graph' 9.711408999981359ms
[NX v22.0.2 Daemon Server] - 2025-11-09T17:13:47.119Z - Done responding to the client project-graph
[NX v22.0.2 Daemon Server] - 2025-11-09T17:13:47.120Z - Handled json message REQUEST_PROJECT_GRAPH. Handling time: 9. Response time: 9.
[NX v22.0.2 Daemon Server] - 2025-11-09T17:13:47.137Z - [SYNC]: @nx/js:typescript-sync changes: sematicca-system-com/tsconfig.json
[NX v22.0.2 Daemon Server] - 2025-11-09T17:13:47.137Z - Time taken for 'run-sync-generator:@nx/js:typescript-sync' 36.765302000101656ms
[NX v22.0.2 Daemon Server] - 2025-11-09T17:13:47.598Z - Established a connection. Number of open connections: 6
[NX v22.0.2 Daemon Server] - 2025-11-09T17:13:47.599Z - Closed a connection. Number of open connections: 5
[NX v22.0.2 Daemon Server] - 2025-11-09T17:13:47.600Z - Established a connection. Number of open connections: 6
[NX v22.0.2 Daemon Server] - 2025-11-09T17:13:47.602Z - [REQUEST]: Client Request for Project Graph Received
[NX v22.0.2 Daemon Server] - 2025-11-09T17:13:47.602Z - Reusing in-memory cached project graph because no files changed.
[NX v22.0.2 Daemon Server] - 2025-11-09T17:13:47.608Z - Wrote project graph cache to /home/saint/Documents/Sematica/.nx/workspace-data/project-graph.json
[NX v22.0.2 Daemon Server] - 2025-11-09T17:13:47.609Z - [REQUEST]: Responding to the client. project-graph
[NX v22.0.2 Daemon Server] - 2025-11-09T17:13:47.610Z - Time taken for 'total for creating and serializing project graph' 6.634226000169292ms
[NX v22.0.2 Daemon Server] - 2025-11-09T17:13:47.613Z - Done responding to the client project-graph
[NX v22.0.2 Daemon Server] - 2025-11-09T17:13:47.613Z - Handled json message REQUEST_PROJECT_GRAPH. Handling time: 7. Response time: 4.
[NX v22.0.2 Daemon Server] - 2025-11-09T17:13:49.156Z - Established a connection. Number of open connections: 7
[NX v22.0.2 Daemon Server] - 2025-11-09T17:13:49.158Z - Closed a connection. Number of open connections: 6
[NX v22.0.2 Daemon Server] - 2025-11-09T17:13:49.159Z - Established a connection. Number of open connections: 7
[NX v22.0.2 Daemon Server] - 2025-11-09T17:13:49.162Z - [REQUEST]: Client Request for Project Graph Received
[NX v22.0.2 Daemon Server] - 2025-11-09T17:13:49.162Z - Reusing in-memory cached project graph because no files changed.
[NX v22.0.2 Daemon Server] - 2025-11-09T17:13:49.169Z - Wrote project graph cache to /home/saint/Documents/Sematica/.nx/workspace-data/project-graph.json
[NX v22.0.2 Daemon Server] - 2025-11-09T17:13:49.170Z - [REQUEST]: Responding to the client. project-graph
[NX v22.0.2 Daemon Server] - 2025-11-09T17:13:49.171Z - Time taken for 'total for creating and serializing project graph' 7.500536999898031ms
[NX v22.0.2 Daemon Server] - 2025-11-09T17:13:49.174Z - Done responding to the client project-graph
[NX v22.0.2 Daemon Server] - 2025-11-09T17:13:49.174Z - Handled json message REQUEST_PROJECT_GRAPH. Handling time: 8. Response time: 4.
[NX v22.0.2 Daemon Server] - 2025-11-09T17:13:49.299Z - [REQUEST]: Client Request for Project Graph Received
[NX v22.0.2 Daemon Server] - 2025-11-09T17:13:49.300Z - Reusing in-memory cached project graph because no files changed.
[NX v22.0.2 Daemon Server] - 2025-11-09T17:13:49.306Z - Wrote project graph cache to /home/saint/Documents/Sematica/.nx/workspace-data/project-graph.json
[NX v22.0.2 Daemon Server] - 2025-11-09T17:13:49.306Z - [REQUEST]: Responding to the client. project-graph
[NX v22.0.2 Daemon Server] - 2025-11-09T17:13:49.308Z - Time taken for 'total for creating and serializing project graph' 7.083097000140697ms
[NX v22.0.2 Daemon Server] - 2025-11-09T17:13:49.310Z - Done responding to the client project-graph
[NX v22.0.2 Daemon Server] - 2025-11-09T17:13:49.310Z - Handled json message REQUEST_PROJECT_GRAPH. Handling time: 7. Response time: 4.
[NX v22.0.2 Daemon Server] - 2025-11-09T17:13:49.777Z - [WATCHER]: sematicca-system-com/tsconfig.json was modified
[NX v22.0.2 Daemon Server] - 2025-11-09T17:13:49.777Z - [REQUEST]: Responding to the client. File watch changed
[NX v22.0.2 Daemon Server] - 2025-11-09T17:13:49.777Z - Done responding to the client File watch changed
[NX v22.0.2 Daemon Server] - 2025-11-09T17:13:49.777Z - Handled json message FILE-WATCH-CHANGED. Handling time: 0. Response time: 0.
[NX v22.0.2 Daemon Server] - 2025-11-09T17:13:49.778Z - [WATCHER]: Processing file changes in outputs
[NX v22.0.2 Daemon Server] - 2025-11-09T17:13:49.778Z - Time taken for 'changed-projects' 0.11084599979221821ms
[NX v22.0.2 Daemon Server] - 2025-11-09T17:13:49.878Z - [REQUEST]: Updated workspace context based on watched changes, recomputing project graph...
[NX v22.0.2 Daemon Server] - 2025-11-09T17:13:49.879Z - [REQUEST]: sematicca-system-com/tsconfig.json
[NX v22.0.2 Daemon Server] - 2025-11-09T17:13:49.879Z - [REQUEST]: 
Time for 'nx/core/project-json:createNodes' 0.5530989998951554
[NX v22.0.2 Daemon Server] - 2025-11-09T17:13:49.896Z - [REQUEST]: Responding to the client. handleHashGlob
[NX v22.0.2 Daemon Server] - 2025-11-09T17:13:49.896Z - Done responding to the client handleHashGlob
[NX v22.0.2 Daemon Server] - 2025-11-09T17:13:49.897Z - Handled json message HASH_GLOB. Handling time: 3. Response time: 0.
[NX v22.0.2 Daemon Server] - 2025-11-09T17:13:49.897Z - Time taken for 'hash changed files from watcher' 0.45198899996466935ms
Time for '@nx/js/typescript:createNodes' 7.374091000063345
Time for 'total for sendMessageToDaemon()' 7.177600000053644
Time for 'deserialize daemon response' 0.0781239999923855
[NX v22.0.2 Daemon Server] - 2025-11-09T17:13:49.902Z - [REQUEST]: Responding to the client. handleHashGlob
[NX v22.0.2 Daemon Server] - 2025-11-09T17:13:49.902Z - Done responding to the client handleHashGlob
[NX v22.0.2 Daemon Server] - 2025-11-09T17:13:49.902Z - Handled json message HASH_GLOB. Handling time: 2. Response time: 0.
Time for 'nx/core/package-json:createNodes' 11.20780700002797
Time for '@nx/next/plugin:createNodes' 20.46911200019531
Time for 'total for sendMessageToDaemon()' 4.258711999980733
Time for 'deserialize daemon response' 0.05844799987971783
Time for 'nx/js/dependencies-and-lockfile:createNodes' 24.861048000166193
Time for '@nx/js/typescript:createNodes' 72.0745609998703
[NX v22.0.2 Daemon Server] - 2025-11-09T17:13:49.996Z - Time taken for 'build-project-configs' 79.72514999983832ms
[NX v22.0.2 Daemon Server] - 2025-11-09T17:13:50.007Z - Time taken for '@nx/js/typescript:createDependencies' 22.725150000071153ms
[NX v22.0.2 Daemon Server] - 2025-11-09T17:13:50.007Z - Time taken for '@nx/js/typescript:createDependencies' 23.235744999954477ms
Time for 'build typescript dependencies' 6.073466999921948
[NX v22.0.2 Daemon Server] - 2025-11-09T17:13:50.061Z - [SYNC]: collect registered sync generators
[NX v22.0.2 Daemon Server] - 2025-11-09T17:13:50.061Z - [SYNC]: project graph hash is the same, not collecting task sync generators
[NX v22.0.2 Daemon Server] - 2025-11-09T17:13:50.061Z - [SYNC]: nx.json hash is the same, not collecting global sync generators
[NX v22.0.2 Daemon Server] - 2025-11-09T17:13:50.061Z - [SYNC]: scheduling: ["@nx/js:typescript-sync"]
[NX v22.0.2 Daemon Server] - 2025-11-09T17:13:50.062Z - Time taken for 'total execution time for createProjectGraph()' 88.79605899984017ms
[NX v22.0.2 Daemon Server] - 2025-11-09T17:13:51.131Z - [WATCHER]: Processing file changes in outputs
[NX v22.0.2 Daemon Server] - 2025-11-09T17:13:51.605Z - [WATCHER]: Processing file changes in outputs
[NX v22.0.2 Daemon Server] - 2025-11-09T17:13:51.665Z - [WATCHER]: Processing file changes in outputs
[NX v22.0.2 Daemon Server] - 2025-11-09T17:13:51.901Z - [WATCHER]: Processing file changes in outputs
[NX v22.0.2 Daemon Server] - 2025-11-09T17:13:51.953Z - [REQUEST]: Client Request for Project Graph Received
[NX v22.0.2 Daemon Server] - 2025-11-09T17:13:51.954Z - Reusing in-memory cached project graph because no files changed.
[NX v22.0.2 Daemon Server] - 2025-11-09T17:13:51.961Z - Wrote project graph cache to /home/saint/Documents/Sematica/.nx/workspace-data/project-graph.json
[NX v22.0.2 Daemon Server] - 2025-11-09T17:13:51.961Z - [REQUEST]: Responding to the client. project-graph
[NX v22.0.2 Daemon Server] - 2025-11-09T17:13:51.962Z - Time taken for 'total for creating and serializing project graph' 7.436498000053689ms
[NX v22.0.2 Daemon Server] - 2025-11-09T17:13:51.975Z - Done responding to the client project-graph
[NX v22.0.2 Daemon Server] - 2025-11-09T17:13:51.975Z - Handled json message REQUEST_PROJECT_GRAPH. Handling time: 8. Response time: 14.
[NX v22.0.2 Daemon Server] - 2025-11-09T17:13:51.997Z - [WATCHER]: Processing file changes in outputs
[NX v22.0.2 Daemon Server] - 2025-11-09T17:13:52.100Z - [WATCHER]: Processing file changes in outputs
[NX v22.0.2 Daemon Server] - 2025-11-09T17:13:54.196Z - [WATCHER]: Processing file changes in outputs
[NX v22.0.2 Daemon Server] - 2025-11-09T17:13:56.462Z - [SYNC]: running scheduled generator @nx/js:typescript-sync
[NX v22.0.2 Daemon Server] - 2025-11-09T17:13:56.465Z - [REQUEST]: Client Request for Project Graph Received
[NX v22.0.2 Daemon Server] - 2025-11-09T17:13:56.466Z - Reusing in-memory cached project graph because no files changed.
[NX v22.0.2 Daemon Server] - 2025-11-09T17:13:56.478Z - Wrote project graph cache to /home/saint/Documents/Sematica/.nx/workspace-data/project-graph.json
[NX v22.0.2 Daemon Server] - 2025-11-09T17:13:56.478Z - [REQUEST]: Responding to the client. project-graph
[NX v22.0.2 Daemon Server] - 2025-11-09T17:13:56.479Z - Time taken for 'total for creating and serializing project graph' 12.967787999892607ms
[NX v22.0.2 Daemon Server] - 2025-11-09T17:13:56.490Z - Done responding to the client project-graph
[NX v22.0.2 Daemon Server] - 2025-11-09T17:13:56.490Z - Handled json message REQUEST_PROJECT_GRAPH. Handling time: 13. Response time: 12.
[NX v22.0.2 Daemon Server] - 2025-11-09T17:13:56.512Z - [SYNC]: @nx/js:typescript-sync changes: sematicca-system-com/tsconfig.json
[NX v22.0.2 Daemon Server] - 2025-11-09T17:13:56.512Z - Time taken for 'run-sync-generator:@nx/js:typescript-sync' 49.515291000017896ms
[NX v22.0.2 Daemon Server] - 2025-11-09T17:13:57.330Z - [WATCHER]: Processing file changes in outputs
[NX v22.0.2 Daemon Server] - 2025-11-09T17:13:58.015Z - [WATCHER]: Processing file changes in outputs
[NX v22.0.2 Daemon Server] - 2025-11-09T17:13:58.525Z - [WATCHER]: Processing file changes in outputs
[NX v22.0.2 Daemon Server] - 2025-11-09T17:13:58.985Z - [WATCHER]: Processing file changes in outputs
[NX v22.0.2 Daemon Server] - 2025-11-09T17:13:59.615Z - [WATCHER]: Processing file changes in outputs
[NX v22.0.2 Daemon Server] - 2025-11-09T17:14:00.809Z - Established a connection. Number of open connections: 8
[NX v22.0.2 Daemon Server] - 2025-11-09T17:14:00.812Z - [REQUEST]: Client Request for Project Graph Received
[NX v22.0.2 Daemon Server] - 2025-11-09T17:14:00.814Z - Reusing in-memory cached project graph because no files changed.
[NX v22.0.2 Daemon Server] - 2025-11-09T17:14:00.868Z - Wrote project graph cache to /home/saint/Documents/Sematica/.nx/workspace-data/project-graph.json
[NX v22.0.2 Daemon Server] - 2025-11-09T17:14:00.868Z - [REQUEST]: Responding to the client. project-graph
[NX v22.0.2 Daemon Server] - 2025-11-09T17:14:00.879Z - Time taken for 'total for creating and serializing project graph' 55.93884600000456ms
[NX v22.0.2 Daemon Server] - 2025-11-09T17:14:00.879Z - Closed a connection. Number of open connections: 7
[NX v22.0.2 Daemon Server] - 2025-11-09T17:14:00.885Z - Done responding to the client project-graph
[NX v22.0.2 Daemon Server] - 2025-11-09T17:14:00.885Z - Handled json message REQUEST_PROJECT_GRAPH. Handling time: 56. Response time: 17.
[NX v22.0.2 Daemon Server] - 2025-11-09T17:14:00.901Z - [REQUEST]: Responding to the client. handleContextFileData
[NX v22.0.2 Daemon Server] - 2025-11-09T17:14:00.901Z - Done responding to the client handleContextFileData
[NX v22.0.2 Daemon Server] - 2025-11-09T17:14:00.902Z - Handled json message GET_CONTEXT_FILE_DATA. Handling time: 1. Response time: 0.
[NX v22.0.2 Daemon Server] - 2025-11-09T17:14:00.903Z - Closed a connection. Number of open connections: 6
[NX v22.0.2 Daemon Server] - 2025-11-09T17:14:01.252Z - Closed a connection. Number of open connections: 5
[NX v22.0.2 Daemon Server] - 2025-11-09T17:14:01.261Z - Established a connection. Number of open connections: 6
[NX v22.0.2 Daemon Server] - 2025-11-09T17:14:01.262Z - Closed a connection. Number of open connections: 5
[NX v22.0.2 Daemon Server] - 2025-11-09T17:14:01.267Z - Established a connection. Number of open connections: 6
[NX v22.0.2 Daemon Server] - 2025-11-09T17:14:01.267Z - Established a connection. Number of open connections: 7
[NX v22.0.2 Daemon Server] - 2025-11-09T17:14:01.268Z - Closed a connection. Number of open connections: 6
[NX v22.0.2 Daemon Server] - 2025-11-09T17:14:01.269Z - [REQUEST]: Client Request for Project Graph Received
[NX v22.0.2 Daemon Server] - 2025-11-09T17:14:01.269Z - Reusing in-memory cached project graph because no files changed.
[NX v22.0.2 Daemon Server] - 2025-11-09T17:14:01.292Z - Wrote project graph cache to /home/saint/Documents/Sematica/.nx/workspace-data/project-graph.json
[NX v22.0.2 Daemon Server] - 2025-11-09T17:14:01.292Z - [REQUEST]: Responding to the client. project-graph
[NX v22.0.2 Daemon Server] - 2025-11-09T17:14:01.294Z - Time taken for 'total for creating and serializing project graph' 23.003973999992013ms
[NX v22.0.2 Daemon Server] - 2025-11-09T17:14:01.306Z - Done responding to the client project-graph
[NX v22.0.2 Daemon Server] - 2025-11-09T17:14:01.306Z - Handled json message REQUEST_PROJECT_GRAPH. Handling time: 23. Response time: 14.
[NX v22.0.2 Daemon Server] - 2025-11-09T17:14:01.356Z - [REQUEST]: Client Request for Project Graph Received
[NX v22.0.2 Daemon Server] - 2025-11-09T17:14:01.358Z - Reusing in-memory cached project graph because no files changed.
[NX v22.0.2 Daemon Server] - 2025-11-09T17:14:01.403Z - Wrote project graph cache to /home/saint/Documents/Sematica/.nx/workspace-data/project-graph.json
[NX v22.0.2 Daemon Server] - 2025-11-09T17:14:01.404Z - [REQUEST]: Responding to the client. project-graph
[NX v22.0.2 Daemon Server] - 2025-11-09T17:14:01.407Z - Time taken for 'total for creating and serializing project graph' 48.06446100003086ms
[NX v22.0.2 Daemon Server] - 2025-11-09T17:14:01.419Z - Done responding to the client project-graph
[NX v22.0.2 Daemon Server] - 2025-11-09T17:14:01.419Z - Handled json message REQUEST_PROJECT_GRAPH. Handling time: 48. Response time: 15.
[NX v22.0.2 Daemon Server] - 2025-11-09T17:14:01.449Z - Established a connection. Number of open connections: 7
[NX v22.0.2 Daemon Server] - 2025-11-09T17:14:02.949Z - [WATCHER]: Processing file changes in outputs
[NX v22.0.2 Daemon Server] - 2025-11-09T17:14:03.526Z - [WATCHER]: Processing file changes in outputs
[NX v22.0.2 Daemon Server] - 2025-11-09T17:14:04.491Z - [WATCHER]: Processing file changes in outputs
[NX v22.0.2 Daemon Server] - 2025-11-09T17:14:05.294Z - [WATCHER]: Processing file changes in outputs
[NX v22.0.2 Daemon Server] - 2025-11-09T17:14:06.832Z - [WATCHER]: Processing file changes in outputs
[NX v22.0.2 Daemon Server] - 2025-11-09T17:14:06.909Z - [WATCHER]: Processing file changes in outputs
[NX v22.0.2 Daemon Server] - 2025-11-09T17:14:06.962Z - [WATCHER]: Processing file changes in outputs
[NX v22.0.2 Daemon Server] - 2025-11-09T17:14:07.015Z - [WATCHER]: Processing file changes in outputs
[NX v22.0.2 Daemon Server] - 2025-11-09T17:14:07.073Z - [WATCHER]: Processing file changes in outputs
[NX v22.0.2 Daemon Server] - 2025-11-09T17:14:07.145Z - [WATCHER]: Processing file changes in outputs
[NX v22.0.2 Daemon Server] - 2025-11-09T17:14:07.217Z - [WATCHER]: Processing file changes in outputs
[NX v22.0.2 Daemon Server] - 2025-11-09T17:14:07.272Z - [WATCHER]: Processing file changes in outputs
[NX v22.0.2 Daemon Server] - 2025-11-09T17:14:07.338Z - [WATCHER]: Processing file changes in outputs
[NX v22.0.2 Daemon Server] - 2025-11-09T17:14:07.400Z - [WATCHER]: Processing file changes in outputs
[NX v22.0.2 Daemon Server] - 2025-11-09T17:14:07.465Z - [WATCHER]: Processing file changes in outputs
[NX v22.0.2 Daemon Server] - 2025-11-09T17:14:07.769Z - [WATCHER]: Processing file changes in outputs
[NX v22.0.2 Daemon Server] - 2025-11-09T17:14:07.821Z - [WATCHER]: Processing file changes in outputs
[NX v22.0.2 Daemon Server] - 2025-11-09T17:14:07.887Z - [WATCHER]: Processing file changes in outputs
[NX v22.0.2 Daemon Server] - 2025-11-09T17:14:07.939Z - [WATCHER]: Processing file changes in outputs
[NX v22.0.2 Daemon Server] - 2025-11-09T17:14:07.990Z - [WATCHER]: Processing file changes in outputs
[NX v22.0.2 Daemon Server] - 2025-11-09T17:14:08.046Z - [WATCHER]: Processing file changes in outputs
[NX v22.0.2 Daemon Server] - 2025-11-09T17:14:08.098Z - [WATCHER]: Processing file changes in outputs
[NX v22.0.2 Daemon Server] - 2025-11-09T17:14:08.150Z - [WATCHER]: Processing file changes in outputs
[NX v22.0.2 Daemon Server] - 2025-11-09T17:14:08.202Z - [WATCHER]: Processing file changes in outputs
[NX v22.0.2 Daemon Server] - 2025-11-09T17:14:08.263Z - [WATCHER]: Processing file changes in outputs
[NX v22.0.2 Daemon Server] - 2025-11-09T17:14:08.316Z - [WATCHER]: Processing file changes in outputs
[NX v22.0.2 Daemon Server] - 2025-11-09T17:14:08.370Z - [WATCHER]: Processing file changes in outputs
[NX v22.0.2 Daemon Server] - 2025-11-09T17:14:08.492Z - [WATCHER]: Processing file changes in outputs
[NX v22.0.2 Daemon Server] - 2025-11-09T17:14:53.368Z - [WATCHER]: Processing file changes in outputs
[NX v22.0.2 Daemon Server] - 2025-11-09T17:14:53.370Z - [WATCHER]: README.md was modified
[NX v22.0.2 Daemon Server] - 2025-11-09T17:14:53.371Z - [REQUEST]: Responding to the client. File watch changed
[NX v22.0.2 Daemon Server] - 2025-11-09T17:14:53.371Z - Done responding to the client File watch changed
[NX v22.0.2 Daemon Server] - 2025-11-09T17:14:53.371Z - Handled json message FILE-WATCH-CHANGED. Handling time: 0. Response time: 0.
[NX v22.0.2 Daemon Server] - 2025-11-09T17:14:53.372Z - Time taken for 'changed-projects' 0.23682400025427341ms
[NX v22.0.2 Daemon Server] - 2025-11-09T17:14:53.471Z - [REQUEST]: Updated workspace context based on watched changes, recomputing project graph...
[NX v22.0.2 Daemon Server] - 2025-11-09T17:14:53.471Z - [REQUEST]: README.md
[NX v22.0.2 Daemon Server] - 2025-11-09T17:14:53.472Z - [REQUEST]: 
Time for '@nx/js/typescript:createNodes' 5.273101000115275
Time for 'nx/core/project-json:createNodes' 0.22213899996131659
Time for '@nx/js/typescript:createNodes' 6.859185999725014
[NX v22.0.2 Daemon Server] - 2025-11-09T17:14:53.497Z - [REQUEST]: Responding to the client. handleHashGlob
[NX v22.0.2 Daemon Server] - 2025-11-09T17:14:53.497Z - Done responding to the client handleHashGlob
[NX v22.0.2 Daemon Server] - 2025-11-09T17:14:53.498Z - Handled json message HASH_GLOB. Handling time: 2. Response time: 1.
[NX v22.0.2 Daemon Server] - 2025-11-09T17:14:53.498Z - Time taken for 'hash changed files from watcher' 0.30018999986350536ms
Time for 'total for sendMessageToDaemon()' 8.18953499989584
Time for 'deserialize daemon response' 0.0263689998537302
Time for 'nx/core/package-json:createNodes' 4.208425000309944
[NX v22.0.2 Daemon Server] - 2025-11-09T17:14:53.500Z - [REQUEST]: Responding to the client. handleHashGlob
[NX v22.0.2 Daemon Server] - 2025-11-09T17:14:53.501Z - Done responding to the client handleHashGlob
[NX v22.0.2 Daemon Server] - 2025-11-09T17:14:53.501Z - Handled json message HASH_GLOB. Handling time: 1. Response time: 1.
Time for '@nx/next/plugin:createNodes' 14.267339000012726
Time for 'total for sendMessageToDaemon()' 2.7182640000246465
Time for 'deserialize daemon response' 0.028892999980598688
Time for 'nx/js/dependencies-and-lockfile:createNodes' 16.885433999821544
[NX v22.0.2 Daemon Server] - 2025-11-09T17:14:53.550Z - Time taken for 'build-project-configs' 42.640482999850065ms
[NX v22.0.2 Daemon Server] - 2025-11-09T17:14:53.556Z - Time taken for '@nx/js/typescript:createDependencies' 14.420634999871254ms
[NX v22.0.2 Daemon Server] - 2025-11-09T17:14:53.559Z - Time taken for '@nx/js/typescript:createDependencies' 17.062286000233144ms
Time for 'build typescript dependencies' 0.05457899998873472
[NX v22.0.2 Daemon Server] - 2025-11-09T17:14:53.580Z - [SYNC]: collect registered sync generators
[NX v22.0.2 Daemon Server] - 2025-11-09T17:14:53.580Z - [SYNC]: project graph hash is the same, not collecting task sync generators
[NX v22.0.2 Daemon Server] - 2025-11-09T17:14:53.580Z - [SYNC]: nx.json hash is the same, not collecting global sync generators
[NX v22.0.2 Daemon Server] - 2025-11-09T17:14:53.580Z - [SYNC]: scheduling: ["@nx/js:typescript-sync"]
[NX v22.0.2 Daemon Server] - 2025-11-09T17:14:53.581Z - Time taken for 'total execution time for createProjectGraph()' 48.65371399978176ms
[NX v22.0.2 Daemon Server] - 2025-11-09T17:14:59.980Z - [SYNC]: running scheduled generator @nx/js:typescript-sync
[NX v22.0.2 Daemon Server] - 2025-11-09T17:14:59.981Z - [REQUEST]: Client Request for Project Graph Received
[NX v22.0.2 Daemon Server] - 2025-11-09T17:14:59.982Z - Reusing in-memory cached project graph because no files changed.
[NX v22.0.2 Daemon Server] - 2025-11-09T17:14:59.995Z - Wrote project graph cache to /home/saint/Documents/Sematica/.nx/workspace-data/project-graph.json
[NX v22.0.2 Daemon Server] - 2025-11-09T17:14:59.996Z - [REQUEST]: Responding to the client. project-graph
[NX v22.0.2 Daemon Server] - 2025-11-09T17:14:59.997Z - Time taken for 'total for creating and serializing project graph' 14.022357000038028ms
[NX v22.0.2 Daemon Server] - 2025-11-09T17:15:00.007Z - Done responding to the client project-graph
[NX v22.0.2 Daemon Server] - 2025-11-09T17:15:00.007Z - Handled json message REQUEST_PROJECT_GRAPH. Handling time: 15. Response time: 11.
[NX v22.0.2 Daemon Server] - 2025-11-09T17:15:00.023Z - [SYNC]: @nx/js:typescript-sync changes: sematicca-system-com/tsconfig.json
[NX v22.0.2 Daemon Server] - 2025-11-09T17:15:00.023Z - Time taken for 'run-sync-generator:@nx/js:typescript-sync' 42.825313000008464ms
[NX v22.0.2 Daemon Server] - 2025-11-09T17:15:04.393Z - Established a connection. Number of open connections: 8
[NX v22.0.2 Daemon Server] - 2025-11-09T17:15:04.396Z - [REQUEST]: Client Request for Project Graph Received
[NX v22.0.2 Daemon Server] - 2025-11-09T17:15:04.396Z - Reusing in-memory cached project graph because no files changed.
[NX v22.0.2 Daemon Server] - 2025-11-09T17:15:04.415Z - Wrote project graph cache to /home/saint/Documents/Sematica/.nx/workspace-data/project-graph.json
[NX v22.0.2 Daemon Server] - 2025-11-09T17:15:04.416Z - [REQUEST]: Responding to the client. project-graph
[NX v22.0.2 Daemon Server] - 2025-11-09T17:15:04.419Z - Time taken for 'total for creating and serializing project graph' 20.22271900018677ms
[NX v22.0.2 Daemon Server] - 2025-11-09T17:15:04.420Z - Closed a connection. Number of open connections: 7
[NX v22.0.2 Daemon Server] - 2025-11-09T17:15:04.426Z - Done responding to the client project-graph
[NX v22.0.2 Daemon Server] - 2025-11-09T17:15:04.427Z - Handled json message REQUEST_PROJECT_GRAPH. Handling time: 20. Response time: 11.
[NX v22.0.2 Daemon Server] - 2025-11-09T17:15:04.449Z - [REQUEST]: Responding to the client. handleContextFileData
[NX v22.0.2 Daemon Server] - 2025-11-09T17:15:04.450Z - Done responding to the client handleContextFileData
[NX v22.0.2 Daemon Server] - 2025-11-09T17:15:04.450Z - Handled json message GET_CONTEXT_FILE_DATA. Handling time: 0. Response time: 1.
[NX v22.0.2 Daemon Server] - 2025-11-09T17:15:04.452Z - Closed a connection. Number of open connections: 6
[NX v22.0.2 Daemon Server] - 2025-11-09T17:15:04.616Z - Closed a connection. Number of open connections: 5
[NX v22.0.2 Daemon Server] - 2025-11-09T17:15:04.618Z - Established a connection. Number of open connections: 6
[NX v22.0.2 Daemon Server] - 2025-11-09T17:15:04.618Z - Closed a connection. Number of open connections: 5
[NX v22.0.2 Daemon Server] - 2025-11-09T17:15:04.619Z - Established a connection. Number of open connections: 6
[NX v22.0.2 Daemon Server] - 2025-11-09T17:15:04.619Z - Closed a connection. Number of open connections: 5
[NX v22.0.2 Daemon Server] - 2025-11-09T17:15:04.619Z - Established a connection. Number of open connections: 6
[NX v22.0.2 Daemon Server] - 2025-11-09T17:15:04.620Z - [REQUEST]: Client Request for Project Graph Received
[NX v22.0.2 Daemon Server] - 2025-11-09T17:15:04.620Z - Reusing in-memory cached project graph because no files changed.
[NX v22.0.2 Daemon Server] - 2025-11-09T17:15:04.627Z - Wrote project graph cache to /home/saint/Documents/Sematica/.nx/workspace-data/project-graph.json
[NX v22.0.2 Daemon Server] - 2025-11-09T17:15:04.628Z - [REQUEST]: Responding to the client. project-graph
[NX v22.0.2 Daemon Server] - 2025-11-09T17:15:04.628Z - Time taken for 'total for creating and serializing project graph' 7.704320999793708ms
[NX v22.0.2 Daemon Server] - 2025-11-09T17:15:04.631Z - Done responding to the client project-graph
[NX v22.0.2 Daemon Server] - 2025-11-09T17:15:04.631Z - Handled json message REQUEST_PROJECT_GRAPH. Handling time: 8. Response time: 3.
[NX v22.0.2 Daemon Server] - 2025-11-09T17:15:04.639Z - [REQUEST]: Client Request for Project Graph Received
[NX v22.0.2 Daemon Server] - 2025-11-09T17:15:04.640Z - Reusing in-memory cached project graph because no files changed.
[NX v22.0.2 Daemon Server] - 2025-11-09T17:15:04.646Z - Wrote project graph cache to /home/saint/Documents/Sematica/.nx/workspace-data/project-graph.json
[NX v22.0.2 Daemon Server] - 2025-11-09T17:15:04.647Z - [REQUEST]: Responding to the client. project-graph
[NX v22.0.2 Daemon Server] - 2025-11-09T17:15:04.647Z - Time taken for 'total for creating and serializing project graph' 7.110152000095695ms
[NX v22.0.2 Daemon Server] - 2025-11-09T17:15:04.649Z - Done responding to the client project-graph
[NX v22.0.2 Daemon Server] - 2025-11-09T17:15:04.650Z - Handled json message REQUEST_PROJECT_GRAPH. Handling time: 8. Response time: 3.
[NX v22.0.2 Daemon Server] - 2025-11-09T17:15:04.658Z - Established a connection. Number of open connections: 7
[NX v22.0.2 Daemon Server] - 2025-11-09T17:15:11.822Z - [WATCHER]: README.md was modified
[NX v22.0.2 Daemon Server] - 2025-11-09T17:15:11.823Z - [REQUEST]: Responding to the client. File watch changed
[NX v22.0.2 Daemon Server] - 2025-11-09T17:15:11.823Z - Done responding to the client File watch changed
[NX v22.0.2 Daemon Server] - 2025-11-09T17:15:11.824Z - Handled json message FILE-WATCH-CHANGED. Handling time: 0. Response time: 1.
[NX v22.0.2 Daemon Server] - 2025-11-09T17:15:11.824Z - [WATCHER]: Processing file changes in outputs
[NX v22.0.2 Daemon Server] - 2025-11-09T17:15:11.824Z - Time taken for 'changed-projects' 0.4291560002602637ms
[NX v22.0.2 Daemon Server] - 2025-11-09T17:15:11.924Z - [REQUEST]: Updated workspace context based on watched changes, recomputing project graph...
[NX v22.0.2 Daemon Server] - 2025-11-09T17:15:11.925Z - [REQUEST]: README.md
[NX v22.0.2 Daemon Server] - 2025-11-09T17:15:11.925Z - [REQUEST]: 
Time for '@nx/js/typescript:createNodes' 17.37704800022766
Time for '@nx/js/typescript:createNodes' 21.098950000014156
Time for 'nx/core/project-json:createNodes' 0.5849410002119839
[NX v22.0.2 Daemon Server] - 2025-11-09T17:15:11.978Z - [REQUEST]: Responding to the client. handleHashGlob
[NX v22.0.2 Daemon Server] - 2025-11-09T17:15:11.979Z - Done responding to the client handleHashGlob
[NX v22.0.2 Daemon Server] - 2025-11-09T17:15:11.979Z - Handled json message HASH_GLOB. Handling time: 5. Response time: 1.
[NX v22.0.2 Daemon Server] - 2025-11-09T17:15:11.980Z - Time taken for 'hash changed files from watcher' 0.8050420000217855ms
Time for 'nx/core/package-json:createNodes' 23.170915000140667
Time for 'total for sendMessageToDaemon()' 35.114105000160635
[NX v22.0.2 Daemon Server] - 2025-11-09T17:15:11.988Z - [REQUEST]: Responding to the client. handleHashGlob
Time for 'deserialize daemon response' 0.06043800013139844
[NX v22.0.2 Daemon Server] - 2025-11-09T17:15:11.990Z - Done responding to the client handleHashGlob
[NX v22.0.2 Daemon Server] - 2025-11-09T17:15:11.990Z - Handled json message HASH_GLOB. Handling time: 2. Response time: 2.
Time for '@nx/next/plugin:createNodes' 53.029802000150084
Time for 'total for sendMessageToDaemon()' 8.196505999658257
Time for 'deserialize daemon response' 0.055309999734163284
Time for 'nx/js/dependencies-and-lockfile:createNodes' 43.88476399984211
[NX v22.0.2 Daemon Server] - 2025-11-09T17:15:12.096Z - Time taken for 'build-project-configs' 96.29425199981779ms
[NX v22.0.2 Daemon Server] - 2025-11-09T17:15:12.104Z - Time taken for '@nx/js/typescript:createDependencies' 27.93083199998364ms
[NX v22.0.2 Daemon Server] - 2025-11-09T17:15:12.106Z - Time taken for '@nx/js/typescript:createDependencies' 30.129008000250906ms
Time for 'build typescript dependencies' 0.022847999818623066
[NX v22.0.2 Daemon Server] - 2025-11-09T17:15:12.132Z - [SYNC]: collect registered sync generators
[NX v22.0.2 Daemon Server] - 2025-11-09T17:15:12.133Z - [SYNC]: project graph hash is the same, not collecting task sync generators
[NX v22.0.2 Daemon Server] - 2025-11-09T17:15:12.133Z - [SYNC]: nx.json hash is the same, not collecting global sync generators
[NX v22.0.2 Daemon Server] - 2025-11-09T17:15:12.133Z - [SYNC]: scheduling: ["@nx/js:typescript-sync"]
[NX v22.0.2 Daemon Server] - 2025-11-09T17:15:12.133Z - Time taken for 'total execution time for createProjectGraph()' 91.92029199982062ms
[NX v22.0.2 Daemon Server] - 2025-11-09T17:15:14.543Z - [WATCHER]: Processing file changes in outputs
[NX v22.0.2 Daemon Server] - 2025-11-09T17:15:18.533Z - [SYNC]: running scheduled generator @nx/js:typescript-sync
[NX v22.0.2 Daemon Server] - 2025-11-09T17:15:18.535Z - [REQUEST]: Client Request for Project Graph Received
[NX v22.0.2 Daemon Server] - 2025-11-09T17:15:18.535Z - Reusing in-memory cached project graph because no files changed.
[NX v22.0.2 Daemon Server] - 2025-11-09T17:15:18.542Z - Wrote project graph cache to /home/saint/Documents/Sematica/.nx/workspace-data/project-graph.json
[NX v22.0.2 Daemon Server] - 2025-11-09T17:15:18.543Z - [REQUEST]: Responding to the client. project-graph
[NX v22.0.2 Daemon Server] - 2025-11-09T17:15:18.545Z - Time taken for 'total for creating and serializing project graph' 7.8140560002066195ms
[NX v22.0.2 Daemon Server] - 2025-11-09T17:15:18.550Z - Done responding to the client project-graph
[NX v22.0.2 Daemon Server] - 2025-11-09T17:15:18.550Z - Handled json message REQUEST_PROJECT_GRAPH. Handling time: 8. Response time: 7.
[NX v22.0.2 Daemon Server] - 2025-11-09T17:15:18.565Z - [SYNC]: @nx/js:typescript-sync changes: sematicca-system-com/tsconfig.json
[NX v22.0.2 Daemon Server] - 2025-11-09T17:15:18.565Z - Time taken for 'run-sync-generator:@nx/js:typescript-sync' 31.350339999888092ms
[NX v22.0.2 Daemon Server] - 2025-11-09T17:15:22.838Z - Established a connection. Number of open connections: 8
[NX v22.0.2 Daemon Server] - 2025-11-09T17:15:22.839Z - [REQUEST]: Client Request for Project Graph Received
[NX v22.0.2 Daemon Server] - 2025-11-09T17:15:22.839Z - Reusing in-memory cached project graph because no files changed.
[NX v22.0.2 Daemon Server] - 2025-11-09T17:15:22.847Z - Wrote project graph cache to /home/saint/Documents/Sematica/.nx/workspace-data/project-graph.json
[NX v22.0.2 Daemon Server] - 2025-11-09T17:15:22.847Z - [REQUEST]: Responding to the client. project-graph
[NX v22.0.2 Daemon Server] - 2025-11-09T17:15:22.849Z - Time taken for 'total for creating and serializing project graph' 7.802604000084102ms
[NX v22.0.2 Daemon Server] - 2025-11-09T17:15:22.849Z - Closed a connection. Number of open connections: 7
[NX v22.0.2 Daemon Server] - 2025-11-09T17:15:22.853Z - Done responding to the client project-graph
[NX v22.0.2 Daemon Server] - 2025-11-09T17:15:22.853Z - Handled json message REQUEST_PROJECT_GRAPH. Handling time: 8. Response time: 6.
[NX v22.0.2 Daemon Server] - 2025-11-09T17:15:22.867Z - [REQUEST]: Responding to the client. handleContextFileData
[NX v22.0.2 Daemon Server] - 2025-11-09T17:15:22.867Z - Done responding to the client handleContextFileData
[NX v22.0.2 Daemon Server] - 2025-11-09T17:15:22.867Z - Handled json message GET_CONTEXT_FILE_DATA. Handling time: 0. Response time: 0.
[NX v22.0.2 Daemon Server] - 2025-11-09T17:15:22.868Z - Closed a connection. Number of open connections: 6
[NX v22.0.2 Daemon Server] - 2025-11-09T17:15:22.976Z - Closed a connection. Number of open connections: 5
[NX v22.0.2 Daemon Server] - 2025-11-09T17:15:22.978Z - Established a connection. Number of open connections: 6
[NX v22.0.2 Daemon Server] - 2025-11-09T17:15:22.978Z - Closed a connection. Number of open connections: 5
[NX v22.0.2 Daemon Server] - 2025-11-09T17:15:22.979Z - Established a connection. Number of open connections: 6
[NX v22.0.2 Daemon Server] - 2025-11-09T17:15:22.979Z - Closed a connection. Number of open connections: 5
[NX v22.0.2 Daemon Server] - 2025-11-09T17:15:22.979Z - Established a connection. Number of open connections: 6
[NX v22.0.2 Daemon Server] - 2025-11-09T17:15:22.980Z - [REQUEST]: Client Request for Project Graph Received
[NX v22.0.2 Daemon Server] - 2025-11-09T17:15:22.980Z - Reusing in-memory cached project graph because no files changed.
[NX v22.0.2 Daemon Server] - 2025-11-09T17:15:22.987Z - Wrote project graph cache to /home/saint/Documents/Sematica/.nx/workspace-data/project-graph.json
[NX v22.0.2 Daemon Server] - 2025-11-09T17:15:22.987Z - [REQUEST]: Responding to the client. project-graph
[NX v22.0.2 Daemon Server] - 2025-11-09T17:15:22.988Z - Time taken for 'total for creating and serializing project graph' 7.317270999774337ms
[NX v22.0.2 Daemon Server] - 2025-11-09T17:15:22.990Z - Done responding to the client project-graph
[NX v22.0.2 Daemon Server] - 2025-11-09T17:15:22.991Z - Handled json message REQUEST_PROJECT_GRAPH. Handling time: 7. Response time: 4.
[NX v22.0.2 Daemon Server] - 2025-11-09T17:15:22.998Z - [REQUEST]: Client Request for Project Graph Received
[NX v22.0.2 Daemon Server] - 2025-11-09T17:15:22.999Z - Reusing in-memory cached project graph because no files changed.
[NX v22.0.2 Daemon Server] - 2025-11-09T17:15:23.006Z - Wrote project graph cache to /home/saint/Documents/Sematica/.nx/workspace-data/project-graph.json
[NX v22.0.2 Daemon Server] - 2025-11-09T17:15:23.006Z - [REQUEST]: Responding to the client. project-graph
[NX v22.0.2 Daemon Server] - 2025-11-09T17:15:23.007Z - Time taken for 'total for creating and serializing project graph' 8.119975000154227ms
[NX v22.0.2 Daemon Server] - 2025-11-09T17:15:23.011Z - Done responding to the client project-graph
[NX v22.0.2 Daemon Server] - 2025-11-09T17:15:23.011Z - Handled json message REQUEST_PROJECT_GRAPH. Handling time: 8. Response time: 5.
[NX v22.0.2 Daemon Server] - 2025-11-09T17:15:23.020Z - Established a connection. Number of open connections: 7
[NX v22.0.2 Daemon Server] - 2025-11-09T17:17:21.906Z - [WATCHER]: .gitignore was modified
[NX v22.0.2 Daemon Server] - 2025-11-09T17:17:21.908Z - [REQUEST]: Responding to the client. File watch changed
Error [ERR_STREAM_DESTROYED]: Cannot call write after a stream was destroyed
    at _write (node:internal/streams/writable:491:11)
    at Writable.write (node:internal/streams/writable:510:10)
    at /home/saint/Documents/Sematica/node_modules/nx/src/daemon/server/shutdown-utils.js:74:16
    at new Promise (<anonymous>)
    at respondToClient (/home/saint/Documents/Sematica/node_modules/nx/src/daemon/server/shutdown-utils.js:70:12)
    at handleResult (/home/saint/Documents/Sematica/node_modules/nx/src/daemon/server/server.js:217:52)
    at process.processTicksAndRejections (node:internal/process/task_queues:105:5)
    at async Promise.all (index 0)
    at async /home/saint/Documents/Sematica/node_modules/nx/src/daemon/server/file-watching/file-watcher-sockets.js:27:9
    at async /home/saint/Documents/Sematica/node_modules/nx/src/utils/promised-based-queue.js:19:21 {
  code: 'ERR_STREAM_DESTROYED'
}
[NX v22.0.2 Daemon Server] - 2025-11-09T17:17:21.921Z - Done responding to the client File watch changed
[NX v22.0.2 Daemon Server] - 2025-11-09T17:17:21.922Z - Handled json message FILE-WATCH-CHANGED. Handling time: 0. Response time: 14.
[NX v22.0.2 Daemon Server] - 2025-11-09T17:17:21.922Z - [WATCHER]: Processing file changes in outputs
[NX v22.0.2 Daemon Server] - 2025-11-09T17:17:21.923Z - Time taken for 'changed-projects' 0.27764100022614ms
[NX v22.0.2 Daemon Server] - 2025-11-09T17:17:21.923Z - Closed a connection. Number of open connections: 6
[NX v22.0.2 Daemon Server] - 2025-11-09T17:17:21.923Z - Closed a connection. Number of open connections: 5
[NX v22.0.2 Daemon Server] - 2025-11-09T17:17:21.923Z - Closed a connection. Number of open connections: 4
[NX v22.0.2 Daemon Server] - 2025-11-09T17:17:21.923Z - Closed a connection. Number of open connections: 3
[NX v22.0.2 Daemon Server] - 2025-11-09T17:17:21.923Z - Closed a connection. Number of open connections: 2
[NX v22.0.2 Daemon Server] - 2025-11-09T17:17:21.924Z - Closed a connection. Number of open connections: 1
[NX v22.0.2 Daemon Server] - 2025-11-09T17:17:21.924Z - Closed a connection. Number of open connections: 0
[NX v22.0.2 Daemon Server] - 2025-11-09T17:17:21.924Z - [WATCHER]: Stopping the watcher for /home/saint/Documents/Sematica (sources)
[NX v22.0.2 Daemon Server] - 2025-11-09T17:17:21.931Z - [WATCHER]: Stopping the watcher for /home/saint/Documents/Sematica (outputs)
[NX v22.0.2 Daemon Server] - 2025-11-09T17:17:21.942Z - Server stopped because: "Stopping the daemon the set of ignored files changed (native)"
[NX v22.0.2 Daemon Server] - 2025-11-09T17:20:41.567Z - Started listening on: /tmp/9e6528910863bfa2e66d/d.sock
[NX v22.0.2 Daemon Server] - 2025-11-09T17:20:41.570Z - [WATCHER]: Subscribed to changes within: /home/saint/Documents/Sematica (native)
[NX v22.0.2 Daemon Server] - 2025-11-09T17:20:41.575Z - Established a connection. Number of open connections: 1
[NX v22.0.2 Daemon Server] - 2025-11-09T17:20:41.580Z - Closed a connection. Number of open connections: 0
[NX v22.0.2 Daemon Server] - 2025-11-09T17:20:41.600Z - Established a connection. Number of open connections: 1
[NX v22.0.2 Daemon Server] - 2025-11-09T17:20:41.601Z - Closed a connection. Number of open connections: 0
[NX v22.0.2 Daemon Server] - 2025-11-09T17:20:41.602Z - Established a connection. Number of open connections: 1
[NX v22.0.2 Daemon Server] - 2025-11-09T17:20:41.606Z - [REQUEST]: Client Request for Project Graph Received
Time for 'plugin worker 10883 code loading' 13.106773000000004
Time for 'plugin worker 10884 code loading' 10.450156000000007
Time for 'plugin worker 10898 code loading' 10.166617000000002
Time for 'plugin worker 10896 code loading' 11.296007000000003
Time for 'plugin worker 10885 code loading' 16.191110999999992
Time for 'plugin worker 10905 code loading' 26.291134
[NX v22.0.2 Daemon Server] - 2025-11-09T17:20:42.350Z - Time taken for 'Load Nx Plugin: /home/saint/Documents/Sematica/node_modules/nx/src/plugins/package-json' 739.360077ms
[NX v22.0.2 Daemon Server] - 2025-11-09T17:20:42.395Z - Time taken for 'Load Nx Plugin: /home/saint/Documents/Sematica/node_modules/nx/src/plugins/project-json/build-nodes/project-json' 784.1142940000001ms
[NX v22.0.2 Daemon Server] - 2025-11-09T17:20:42.518Z - Time taken for 'loadDefaultNxPlugins' 908.4967790000001ms
[NX v22.0.2 Daemon Server] - 2025-11-09T17:20:42.541Z - Time taken for 'Load Nx Plugin: @nx/js/typescript' 932.197987ms
[NX v22.0.2 Daemon Server] - 2025-11-09T17:20:42.694Z - Time taken for 'Load Nx Plugin: @nx/next/plugin' 1085.7387999999999ms
[NX v22.0.2 Daemon Server] - 2025-11-09T17:20:42.746Z - [REQUEST]: Updated workspace context based on watched changes, recomputing project graph...
[NX v22.0.2 Daemon Server] - 2025-11-09T17:20:42.749Z - [REQUEST]: 
[NX v22.0.2 Daemon Server] - 2025-11-09T17:20:42.749Z - [REQUEST]: 
[NX v22.0.2 Daemon Server] - 2025-11-09T17:20:42.755Z - No files changed, but no in-memory cached project graph found. Recomputing it...
[NX v22.0.2 Daemon Server] - 2025-11-09T17:20:42.820Z - Time taken for 'loadSpecifiedNxPlugins' 1138.081253ms
Time for '@nx/js/typescript:createNodes' 17.41283499999986
Time for 'nx/core/project-json:createNodes' 0.947456000000102
[NX v22.0.2 Daemon Server] - 2025-11-09T17:20:42.851Z - Established a connection. Number of open connections: 2
[NX v22.0.2 Daemon Server] - 2025-11-09T17:20:42.851Z - Established a connection. Number of open connections: 3
[NX v22.0.2 Daemon Server] - 2025-11-09T17:20:42.852Z - Closed a connection. Number of open connections: 2
Time for '@nx/js/typescript:createNodes' 81.94898199999989
Time for 'nx/core/package-json:createNodes' 55.973015999999916
[NX v22.0.2 Daemon Server] - 2025-11-09T17:20:42.892Z - [REQUEST]: Responding to the client. handleHashGlob
[NX v22.0.2 Daemon Server] - 2025-11-09T17:20:42.892Z - Done responding to the client handleHashGlob
[NX v22.0.2 Daemon Server] - 2025-11-09T17:20:42.892Z - Handled json message HASH_GLOB. Handling time: 24. Response time: 1.
Time for 'nx/js/dependencies-and-lockfile:createNodes' 75.32648599999993
Time for 'total for sendMessageToDaemon()' 42.643732
Time for 'deserialize daemon response' 0.2975089999999909
[NX v22.0.2 Daemon Server] - 2025-11-09T17:20:42.905Z - [REQUEST]: Responding to the client. handleHashGlob
[NX v22.0.2 Daemon Server] - 2025-11-09T17:20:42.909Z - Done responding to the client handleHashGlob
[NX v22.0.2 Daemon Server] - 2025-11-09T17:20:42.910Z - Handled json message HASH_GLOB. Handling time: 8. Response time: 5.
Time for '@nx/next/plugin:createNodes' 833.4272659999999
Time for 'total for sendMessageToDaemon()' 11.020410000000084
Time for 'deserialize daemon response' 0.04211299999997209
[NX v22.0.2 Daemon Server] - 2025-11-09T17:20:43.684Z - Time taken for 'build-project-configs' 884.860923ms
[NX v22.0.2 Daemon Server] - 2025-11-09T17:20:43.697Z - Time taken for '@nx/js/typescript:createDependencies' 19.69845499999974ms
[NX v22.0.2 Daemon Server] - 2025-11-09T17:20:43.698Z - Time taken for '@nx/js/typescript:createDependencies' 20.76083299999982ms
Time for 'build typescript dependencies' 528.7851620000001
[NX v22.0.2 Daemon Server] - 2025-11-09T17:20:44.259Z - [SYNC]: collect registered sync generators
[NX v22.0.2 Daemon Server] - 2025-11-09T17:20:44.261Z - [SYNC]: scheduling: ["@nx/js:typescript-sync"]
[NX v22.0.2 Daemon Server] - 2025-11-09T17:20:44.269Z - Wrote project graph cache to /home/saint/Documents/Sematica/.nx/workspace-data/project-graph.json
[NX v22.0.2 Daemon Server] - 2025-11-09T17:20:44.269Z - [REQUEST]: Responding to the client. project-graph
[NX v22.0.2 Daemon Server] - 2025-11-09T17:20:44.270Z - Time taken for 'total for creating and serializing project graph' 2663.116403ms
[NX v22.0.2 Daemon Server] - 2025-11-09T17:20:44.274Z - Done responding to the client project-graph
[NX v22.0.2 Daemon Server] - 2025-11-09T17:20:44.275Z - Handled json message REQUEST_PROJECT_GRAPH. Handling time: 2663. Response time: 6.
[NX v22.0.2 Daemon Server] - 2025-11-09T17:20:44.283Z - [REQUEST]: Responding to the client. handleContextFileData
[NX v22.0.2 Daemon Server] - 2025-11-09T17:20:44.283Z - Done responding to the client handleContextFileData
[NX v22.0.2 Daemon Server] - 2025-11-09T17:20:44.283Z - Handled json message GET_CONTEXT_FILE_DATA. Handling time: 1. Response time: 0.
[NX v22.0.2 Daemon Server] - 2025-11-09T17:20:44.287Z - Closed a connection. Number of open connections: 1
[NX v22.0.2 Daemon Server] - 2025-11-09T17:20:44.361Z - [SYNC]: running scheduled generator @nx/js:typescript-sync
[NX v22.0.2 Daemon Server] - 2025-11-09T17:20:44.685Z - Established a connection. Number of open connections: 2
[NX v22.0.2 Daemon Server] - 2025-11-09T17:20:44.686Z - Established a connection. Number of open connections: 3
[NX v22.0.2 Daemon Server] - 2025-11-09T17:20:44.687Z - Closed a connection. Number of open connections: 2
[NX v22.0.2 Daemon Server] - 2025-11-09T17:20:44.687Z - Established a connection. Number of open connections: 3
[NX v22.0.2 Daemon Server] - 2025-11-09T17:20:44.687Z - Closed a connection. Number of open connections: 2
[NX v22.0.2 Daemon Server] - 2025-11-09T17:20:44.687Z - Established a connection. Number of open connections: 3
[NX v22.0.2 Daemon Server] - 2025-11-09T17:20:44.688Z - [REQUEST]: Client Request for Project Graph Received
[NX v22.0.2 Daemon Server] - 2025-11-09T17:20:44.689Z - Reusing in-memory cached project graph because no files changed.
[NX v22.0.2 Daemon Server] - 2025-11-09T17:20:44.696Z - Wrote project graph cache to /home/saint/Documents/Sematica/.nx/workspace-data/project-graph.json
[NX v22.0.2 Daemon Server] - 2025-11-09T17:20:44.696Z - [REQUEST]: Responding to the client. project-graph
[NX v22.0.2 Daemon Server] - 2025-11-09T17:20:44.697Z - Time taken for 'total for creating and serializing project graph' 7.524190999999973ms
[NX v22.0.2 Daemon Server] - 2025-11-09T17:20:44.697Z - Established a connection. Number of open connections: 4
[NX v22.0.2 Daemon Server] - 2025-11-09T17:20:44.697Z - Closed a connection. Number of open connections: 3
[NX v22.0.2 Daemon Server] - 2025-11-09T17:20:44.698Z - [REQUEST]: Client Request for Project Graph Received
[NX v22.0.2 Daemon Server] - 2025-11-09T17:20:44.699Z - Reusing in-memory cached project graph because no files changed.
[NX v22.0.2 Daemon Server] - 2025-11-09T17:20:44.706Z - Wrote project graph cache to /home/saint/Documents/Sematica/.nx/workspace-data/project-graph.json
[NX v22.0.2 Daemon Server] - 2025-11-09T17:20:44.706Z - [REQUEST]: Responding to the client. project-graph
[NX v22.0.2 Daemon Server] - 2025-11-09T17:20:44.707Z - Time taken for 'total for creating and serializing project graph' 8.176081999999951ms
[NX v22.0.2 Daemon Server] - 2025-11-09T17:20:44.709Z - Done responding to the client project-graph
[NX v22.0.2 Daemon Server] - 2025-11-09T17:20:44.709Z - Handled json message REQUEST_PROJECT_GRAPH. Handling time: 8. Response time: 13.
[NX v22.0.2 Daemon Server] - 2025-11-09T17:20:44.712Z - Done responding to the client project-graph
[NX v22.0.2 Daemon Server] - 2025-11-09T17:20:44.713Z - Handled json message REQUEST_PROJECT_GRAPH. Handling time: 8. Response time: 7.
[NX v22.0.2 Daemon Server] - 2025-11-09T17:20:44.745Z - [SYNC]: @nx/js:typescript-sync changes: sematicca-system-com/tsconfig.json
[NX v22.0.2 Daemon Server] - 2025-11-09T17:20:44.745Z - Time taken for 'run-sync-generator:@nx/js:typescript-sync' 383.64370099999996ms
[NX v22.0.2 Daemon Server] - 2025-11-09T17:20:44.746Z - [REQUEST]: Client Request for Project Graph Received
[NX v22.0.2 Daemon Server] - 2025-11-09T17:20:44.747Z - Reusing in-memory cached project graph because no files changed.
[NX v22.0.2 Daemon Server] - 2025-11-09T17:20:44.758Z - Wrote project graph cache to /home/saint/Documents/Sematica/.nx/workspace-data/project-graph.json
[NX v22.0.2 Daemon Server] - 2025-11-09T17:20:44.758Z - [REQUEST]: Responding to the client. project-graph
[NX v22.0.2 Daemon Server] - 2025-11-09T17:20:44.760Z - Time taken for 'total for creating and serializing project graph' 12.068889000000127ms
[NX v22.0.2 Daemon Server] - 2025-11-09T17:20:44.763Z - Done responding to the client project-graph
[NX v22.0.2 Daemon Server] - 2025-11-09T17:20:44.763Z - Handled json message REQUEST_PROJECT_GRAPH. Handling time: 12. Response time: 5.
[NX v22.0.2 Daemon Server] - 2025-11-09T17:20:44.774Z - Established a connection. Number of open connections: 4
